median_rates,mean_rates,product_index,product_type,product_name,prodect_brand,price,avg_rating,total_comment,seller,website
5.0,5.0,10584849206.0,Mobile Phone,APPLE IPHONE XS 64GB 手機 金色,APPLE,7409.0,0.0,472.0,香港蘇寧,https://product.hksuning.com/0000000000/10584849206.html
5.0,5.0,10674060101.0,Mobile Phone,HUAWEI MATE 20 X 手機 藍色,HUAWEI,4988.0,0.0,505.0,香港蘇寧,https://product.hksuning.com/0000000000/10674060101.html
5.0,5.0,10584849457.0,Mobile Phone,APPLE IPHONE XR 128GB 手機 黑色,APPLE,5699.0,0.0,510.0,香港蘇寧,https://product.hksuning.com/0000000000/10584849457.html
5.0,5.0,10584849382.0,Mobile Phone,APPLE IPHONE XS MAX 256GB 手機 金色,APPLE,9199.0,0.0,509.0,香港蘇寧,https://product.hksuning.com/0000000000/10584849382.html
5.0,5.0,10555802003.0,Tablet,Apple iPad Pro 11 256GB Wi-Fi Space Gray MTXQ2ZP/A 平板電腦,Apple,6799.0,0.0,508.0,香港蘇寧,https://product.hksuning.com/0000000000/10555802003.html
5.0,5.0,10584849492.0,Mobile Phone,APPLE IPHONE XR 128GB 手機 白色,APPLE,5699.0,0.0,507.0,香港蘇寧,https://product.hksuning.com/0000000000/10584849492.html
5.0,5.0,10584849437.0,Mobile Phone,APPLE IPHONE XR 64GB 手機 黑色,APPLE,5199.0,0.0,507.0,香港蘇寧,https://product.hksuning.com/0000000000/10584849437.html
5.0,5.0,10584849318.0,Mobile Phone,APPLE IPHONE XS MAX 256GB 手機 太空灰,APPLE,9199.0,0.0,506.0,香港蘇寧,https://product.hksuning.com/0000000000/10584849318.html
5.0,5.0,10584849373.0,Mobile Phone,APPLE IPHONE XS MAX 256GB 手機 銀色,APPLE,9199.0,0.0,504.0,香港蘇寧,https://product.hksuning.com/0000000000/10584849373.html
5.0,5.0,10584849315.0,Mobile Phone,APPLE IPHONE XS MAX 64GB 手機 金色,APPLE,8169.0,0.0,504.0,香港蘇寧,https://product.hksuning.com/0000000000/10584849315.html
5.0,4.99,10584849215.0,Mobile Phone,APPLE IPHONE XS 256GB 手機 金色,APPLE,8644.05,0.0,504.0,香港蘇寧,https://product.hksuning.com/0000000000/10584849215.html
5.0,5.0,10674060100.0,Mobile Phone,HUAWEI MATE 20 PRO 手機 極光色,HUAWEI,5988.0,0.0,504.0,香港蘇寧,https://product.hksuning.com/0000000000/10674060100.html
5.0,4.99,10395357178.0,Tablet,Apple iPad (2018) Wi-Fi 128GB MRJP2ZP/A 金色,Apple,3088.0,0.0,503.0,香港蘇寧,https://product.hksuning.com/0000000000/10395357178.html
5.0,4.99,10584849436.0,Mobile Phone,APPLE IPHONE XS MAX 512GB 手機 金色,APPLE,11019.0,0.0,502.0,香港蘇寧,https://product.hksuning.com/0000000000/10584849436.html
5.0,5.0,11020212651.0,Mobile Phone,HUAWEI P30 8+128GB智能手機 天空之境,HUAWEI,4088.0,0.0,502.0,香港蘇寧,https://product.hksuning.com/0000000000/11020212651.html
5.0,5.0,10584849493.0,Mobile Phone,APPLE IPHONE XR 128GB 手機 紅色,APPLE,5699.0,0.0,502.0,香港蘇寧,https://product.hksuning.com/0000000000/10584849493.html
5.0,5.0,11020212646.0,Mobile Phone,HUAWEI P30 PRO 8+256GB 智能手機 黑色,HUAWEI,5498.0,0.0,501.0,香港蘇寧,https://product.hksuning.com/0000000000/11020212646.html
5.0,5.0,10903483880.0,Mobile Phone,SAMSUNG GALAXY S10 智能手機 8+128GB 幻鑽黑,SAMSUNG,5298.0,0.0,501.0,香港蘇寧,https://product.hksuning.com/0000000000/10903483880.html
5.0,5.0,11020212649.0,Mobile Phone,HUAWEI P30 PRO 8+512GB 智能手機 極光色,HUAWEI,6398.0,0.0,501.0,香港蘇寧,https://product.hksuning.com/0000000000/11020212649.html
5.0,5.0,10903483742.0,Mobile Phone,SAMSUNG GALAXY S10+ 智能手機 8+128GB 幻鑽黑,SAMSUNG,6098.0,0.0,500.0,香港蘇寧,https://product.hksuning.com/0000000000/10903483742.html
5.0,5.0,11020212652.0,Mobile Phone,HUAWEI P30 8+128GB 智能手機 極光色,HUAWEI,4088.0,0.0,500.0,香港蘇寧,https://product.hksuning.com/0000000000/11020212652.html
5.0,5.0,10584849529.0,Mobile Phone,APPLE IPHONE XR 128GB 手機 藍色,APPLE,5699.0,0.0,500.0,香港蘇寧,https://product.hksuning.com/0000000000/10584849529.html
5.0,5.0,11020212648.0,Mobile Phone,HUAWEI P30 PRO 8+256GB 智能手機 天空之境,HUAWEI,5498.0,0.0,500.0,香港蘇寧,https://product.hksuning.com/0000000000/11020212648.html
5.0,5.0,10903483866.0,Mobile Phone,SAMSUNG GALAXY S10 智能手機 8+128GB 幻鑽白,SAMSUNG,5548.0,0.0,500.0,香港蘇寧,https://product.hksuning.com/0000000000/10903483866.html
5.0,5.0,10903483741.0,Mobile Phone,SAMSUNG GALAXY S10+ 智能手機8+128GB 幻鑽白,SAMSUNG,6398.0,0.0,500.0,香港蘇寧,https://product.hksuning.com/0000000000/10903483741.html
5.0,5.0,10860882500.0,Mobile Phone,HUAWEI NOVA 4 智能手機 藍色,HUAWEI,2588.0,0.0,500.0,香港蘇寧,https://product.hksuning.com/0000000000/10860882500.html
5.0,5.0,601497811.0,Mobile Phone,HUAWEI MATE9 GRAPHITE BLACK MATE9 PRO,HUAWEI,5888.0,0.0,496.0,香港蘇寧,https://product.hksuning.com/0000000000/601497811.html
5.0,5.0,10903483746.0,Mobile Phone,SAMSUNG GALAXY S10+ 智能手機 8+128GB 幻鑽綠,SAMSUNG,6098.0,0.0,491.0,香港蘇寧,https://product.hksuning.com/0000000000/10903483746.html
5.0,5.0,10674060098.0,Mobile Phone,HUAWEI MATE 20 PRO 手機 綠色,HUAWEI,5988.0,0.0,490.0,香港蘇寧,https://product.hksuning.com/0000000000/10674060098.html
5.0,5.0,10584849430.0,Mobile Phone,APPLE IPHONE XS MAX 512GB 手機 太空灰,APPLE,11019.0,0.0,489.0,香港蘇寧,https://product.hksuning.com/0000000000/10584849430.html
5.0,5.0,624902167.0,Laptop,Apple MacBook Pro 13 2.3GHz i5 256GB 手提電腦,Apple,10798.0,0.0,484.0,香港蘇寧,https://product.hksuning.com/0000000000/624902167.html
5.0,5.0,10395189998.0,Tablet,Apple iPad (2018) Wi-Fi 128GB MR7K2ZP/A 銀色,Apple,3088.0,0.0,481.0,香港蘇寧,https://product.hksuning.com/0000000000/10395189998.html
5.0,5.0,10584849534.0,Mobile Phone,APPLE IPHONE XR 256GB 手機 黑色,APPLE,6499.0,0.0,473.0,香港蘇寧,https://product.hksuning.com/0000000000/10584849534.html
5.0,5.0,624902159.0,Laptop,Apple MacBook Pro 13 2.3GHz i5 128GB 手提電腦,Apple,9388.0,0.0,466.0,香港蘇寧,https://product.hksuning.com/0000000000/624902159.html
5.0,5.0,765126282.0,Laptop,DELL Inspiron 15-5570 15L-R1740-S-W10 i7 256GB 手提電腦,DELL,7599.0,0.0,459.0,香港蘇寧,https://product.hksuning.com/0000000000/765126282.html
5.0,5.0,10584849438.0,Mobile Phone,APPLE IPHONE XR 64GB 手機 白色,APPLE,5199.0,0.0,459.0,香港蘇寧,https://product.hksuning.com/0000000000/10584849438.html
5.0,5.0,10584849441.0,Mobile Phone,APPLE IPHONE XR 64GB 手機 紅色,APPLE,5199.0,0.0,458.0,香港蘇寧,https://product.hksuning.com/0000000000/10584849441.html
5.0,5.0,10584849156.0,Mobile Phone,APPLE IPHONE XS 64GB 手機 太空灰,APPLE,7409.0,0.0,456.0,香港蘇寧,https://product.hksuning.com/0000000000/10584849156.html
5.0,5.0,624902162.0,Laptop,Apple MacBook Pro 13 2.3GHz i5 256GB 手提電腦,Apple,10798.0,0.0,453.0,香港蘇寧,https://product.hksuning.com/0000000000/624902162.html
5.0,5.0,10584849307.0,Mobile Phone,APPLE IPHONE XS MAX 64GB 手機 太空灰,APPLE,8169.0,0.0,451.0,香港蘇寧,https://product.hksuning.com/0000000000/10584849307.html
5.0,5.0,10903483881.0,Mobile Phone,SAMSUNG GALAXY S10 智能手機 8+128GB 幻鑽綠,SAMSUNG,5298.0,0.0,447.0,香港蘇寧,https://product.hksuning.com/0000000000/10903483881.html
5.0,5.0,10532526617.0,Mobile Phone,HUAWEI M5-PRO-10-GD GOLD M5 PRO TABLET,HUAWEI,3580.0,0.0,444.0,香港蘇寧,https://product.hksuning.com/0000000000/10532526617.html
5.0,5.0,10583408739.0,Mobile Phone,HUAWEI NOVA 3I 手機 紫色,HUAWEI,1788.0,0.0,441.0,香港蘇寧,https://product.hksuning.com/0000000000/10583408739.html
5.0,5.0,10395130356.0,Tablet,Apple iPad (2018) Wi-Fi 32GB MR7F2ZP/A 太空灰,Apple,2428.0,0.0,438.0,香港蘇寧,https://product.hksuning.com/0000000000/10395130356.html
5.0,5.0,10584849522.0,Mobile Phone,APPLE IPHONE XR 128GB 手機 橙色,APPLE,5699.0,0.0,438.0,香港蘇寧,https://product.hksuning.com/0000000000/10584849522.html
5.0,5.0,10580223969.0,Tablet,Microsoft Surface Go (Intel 4415Y/128GB/8GB RAM),Microsoft,4288.0,0.0,436.0,香港蘇寧,https://product.hksuning.com/0000000000/10580223969.html
5.0,5.0,10395156079.0,Tablet,Apple iPad (2018) Wi-Fi 32GB MR7G2ZP/A 銀色,Apple,2428.0,0.0,436.0,香港蘇寧,https://product.hksuning.com/0000000000/10395156079.html
5.0,5.0,10586383781.0,Mobile Phone,SAMSUNG GALAXY NOTE 9 128GB 手機 藍色,SAMSUNG,5556.12,0.0,424.0,香港蘇寧,https://product.hksuning.com/0000000000/10586383781.html
5.0,5.0,10695152159.0,Mobile Phone,HUAWEI Y9 2019 智能手機 黑色,HUAWEI,1688.0,0.0,423.0,香港蘇寧,https://product.hksuning.com/0000000000/10695152159.html
5.0,5.0,10583408744.0,Mobile Phone,HUAWEI NOVA 3I 手機 白色,HUAWEI,1788.0,0.0,420.0,香港蘇寧,https://product.hksuning.com/0000000000/10583408744.html
5.0,5.0,11026147274.0,Mobile Phone,SAMSUNG6+128GB GALAXY A60 智能手機 黑色,SAMSUNG6+128GB,2298.0,0.0,419.0,香港蘇寧,https://product.hksuning.com/0000000000/11026147274.html
5.0,5.0,10584849539.0,Mobile Phone,APPLE IPHONE XR 256GB 手機 白色,APPLE,6499.0,0.0,413.0,香港蘇寧,https://product.hksuning.com/0000000000/10584849539.html
5.0,5.0,10532528362.0,Mobile Phone,HUAWEI M5-8-GD GOLD M5 TABLET,HUAWEI,2780.0,0.0,412.0,香港蘇寧,https://product.hksuning.com/0000000000/10532528362.html
5.0,5.0,624902250.0,Laptop,Apple MacBook Air 13'' 1.8GHz i5 128GB 手提電腦,Apple,7038.0,0.0,408.0,香港蘇寧,https://product.hksuning.com/0000000000/624902250.html
5.0,5.0,10583408737.0,Mobile Phone,HUAWEI NOVA 3I 手機 黑色,HUAWEI,1788.0,0.0,408.0,香港蘇寧,https://product.hksuning.com/0000000000/10583408737.html
5.0,5.0,624902161.0,Laptop,Apple Macbook Pro 13 2.3GHz i5 128GB Silver MPXR2ZP/A,Apple,9388.0,0.0,401.0,香港蘇寧,https://product.hksuning.com/0000000000/624902161.html
5.0,5.0,10787520774.0,Mobile Phone,HUAWEI Y9 2019 智能手機 藍色,HUAWEI,1688.0,0.0,393.0,香港蘇寧,https://product.hksuning.com/0000000000/10787520774.html
5.0,5.0,10555845058.0,Laptop,Apple MacBook Pro 13 2.3GHz i5 256GB 手提電腦,Apple,12888.0,0.0,389.0,香港蘇寧,https://product.hksuning.com/0000000000/10555845058.html
5.0,5.0,10555786341.0,Tablet,Apple iPad Pro 11 256GB Wi-Fi Silver MTXR2ZP/A 平板電腦,Apple,6799.0,0.0,385.0,香港蘇寧,https://product.hksuning.com/0000000000/10555786341.html
5.0,5.0,10584849540.0,Mobile Phone,APPLE IPHONE XR 256GB 手機 (PRODUCT)RED,APPLE,6499.0,0.0,385.0,香港蘇寧,https://product.hksuning.com/0000000000/10584849540.html
5.0,5.0,11020212664.0,Mobile Phone,HUAWEI P30 LITE 6+128GB 智能手機 藍色,HUAWEI,2388.0,0.0,384.0,香港蘇寧,https://product.hksuning.com/0000000000/11020212664.html
5.0,5.0,10584849161.0,Mobile Phone,APPLE IPHONE XS 64GB 手機 銀色,APPLE,7409.0,0.0,383.0,香港蘇寧,https://product.hksuning.com/0000000000/10584849161.html
5.0,5.0,10586383782.0,Mobile Phone,SAMSUNG GALAXY NOTE 9 128GB 手機 黑色,SAMSUNG,5556.12,0.0,379.0,香港蘇寧,https://product.hksuning.com/0000000000/10586383782.html
5.0,5.0,10576193971.0,Tablet,Microsoft Surface Pro i5/128GB/8GB RAM/ Signature Cover Bundle (Platinum）手提電腦,Microsoft,7888.0,0.0,375.0,香港蘇寧,https://product.hksuning.com/0000000000/10576193971.html
5.0,5.0,10584849494.0,Mobile Phone,APPLE IPHONE XR 128GB 手機 黃色,APPLE,5699.0,0.0,374.0,香港蘇寧,https://product.hksuning.com/0000000000/10584849494.html
5.0,5.0,10620163685.0,Mobile Phone,HUAWEI M5 LITE MEDIA PAD,HUAWEI,2380.0,0.0,373.0,香港蘇寧,https://product.hksuning.com/0000000000/10620163685.html
5.0,5.0,11039060814.0,Mobile Phone,SAMSUNG GALAXY A70 手機 6+128GB 白色,SAMSUNG,2798.0,0.0,349.0,香港蘇寧,https://product.hksuning.com/0000000000/11039060814.html
5.0,5.0,10676500810.0,Mobile Phone,SAMSUNG GALAXY J4+ 手機 2+32GB 黑色,SAMSUNG,1208.0,0.0,339.0,香港蘇寧,https://product.hksuning.com/0000000000/10676500810.html
5.0,5.0,11191799765.0,Mobile Phone,華為/HUAWEI Y9 Prime 2019 手機 寶石藍,華為/HUAWEI,1888.0,0.0,335.0,香港蘇寧,https://product.hksuning.com/0000000000/11191799765.html
5.0,5.0,10676511066.0,Mobile Phone,SAMSUNG GALAXY A7 手機 4+128GB 黑色,SAMSUNG,2498.0,0.0,334.0,香港蘇寧,https://product.hksuning.com/0000000000/10676511066.html
5.0,5.0,11039060815.0,Mobile Phone,SAMSUNG GALAXY A70 手機 8+128GB 黑色,SAMSUNG,2798.0,0.0,326.0,香港蘇寧,https://product.hksuning.com/0000000000/11039060815.html
5.0,5.0,10818305893.0,Tablet,Microsoft Surface Pro 6 (Core i5/ 256GB/8GB RAM),Microsoft,9988.0,0.0,324.0,香港蘇寧,https://product.hksuning.com/0000000000/10818305893.html
5.0,5.0,10613855369.0,Laptop,DELL Inspiron 14-5480 R1500-S-W10 14'' i5 256SSD 手提電腦,DELL,6799.0,0.0,320.0,香港蘇寧,https://product.hksuning.com/0000000000/10613855369.html
5.0,5.0,10964145620.0,Tablet,APPLE IPAD MINI 2019 64GB WIFI GOLD MUQY2ZP/A 平板電腦,APPLE,2988.0,0.0,313.0,香港蘇寧,https://product.hksuning.com/0000000000/10964145620.html
5.0,5.0,10676500905.0,Mobile Phone,SAMSUNG GALAXY A7 手機 4+128GB 粉色,SAMSUNG,2498.0,0.0,311.0,香港蘇寧,https://product.hksuning.com/0000000000/10676500905.html
5.0,5.0,10578795276.0,Tablet,MICROSOFT KLJ-00008 SP I5/8GB/256GB W/PLAT COVER BUNDLE 連鍵盤 電腦套裝,MICROSOFT,9488.0,0.0,308.0,香港蘇寧,https://product.hksuning.com/0000000000/10578795276.html
5.0,5.0,11039060813.0,Mobile Phone,SAMSUNG GALAXY A70 手機 6+128GB 橙色,SAMSUNG,2798.0,0.0,306.0,香港蘇寧,https://product.hksuning.com/0000000000/11039060813.html
5.0,5.0,10818316793.0,Tablet,Microsoft Surface Pro 6 (Core i5/ 128GB/ 8GB RAM),Microsoft,7288.0,0.0,291.0,香港蘇寧,https://product.hksuning.com/0000000000/10818316793.html
5.0,5.0,10964124018.0,Tablet,APPLE IPAD AIR 10.5 64GB WIFI SPACE GREY MUUJ2ZP/A 平板電腦,APPLE,3699.0,0.0,286.0,香港蘇寧,https://product.hksuning.com/0000000000/10964124018.html
5.0,5.0,11008663596.0,Mobile Phone,SAMSUNG GALAXY A20 手機 3+32GB 橙色,SAMSUNG,1298.0,0.0,284.0,香港蘇寧,https://product.hksuning.com/0000000000/11008663596.html
5.0,5.0,10612390263.0,Mobile Phone,VIVO V11 手機 夜空黑,VIVO,1839.0,0.0,281.0,香港蘇寧,https://product.hksuning.com/0000000000/10612390263.html
5.0,5.0,10586383783.0,Mobile Phone,SAMSUNG GALAXY NOTE 9 128GB 手機 紫色,SAMSUNG,5556.12,0.0,271.0,香港蘇寧,https://product.hksuning.com/0000000000/10586383783.html
5.0,5.0,11191799773.0,Mobile Phone,華為/HUAWEI Y9 Prime 2019 手機 翡冷翠,華為/HUAWEI,1888.0,0.0,271.0,香港蘇寧,https://product.hksuning.com/0000000000/11191799773.html
5.0,5.0,10584849446.0,Mobile Phone,APPLE IPHONE XR 64GB 手機 藍色,APPLE,5199.0,0.0,261.0,香港蘇寧,https://product.hksuning.com/0000000000/10584849446.html
5.0,5.0,10574051200.0,Laptop,Apple Macbook Air 13 1.6GHz I5 256GB Space Gray MRE92ZP/A 手提電腦,Apple,10339.0,0.0,258.0,香港蘇寧,https://product.hksuning.com/0000000000/10574051200.html
5.0,5.0,170114328.0,Mobile Phone,LG X POWER K220YAHKGBK BLACK 智能手機 黑色 2+16,LG,1098.0,0.0,250.0,香港蘇寧,https://product.hksuning.com/0000000000/170114328.html
5.0,5.0,11039060816.0,Mobile Phone,SAMSUNG GALAXY A70 手機 8+128GB 藍色,SAMSUNG,2798.0,0.0,247.0,香港蘇寧,https://product.hksuning.com/0000000000/11039060816.html
5.0,5.0,10705443171.0,Mobile Phone,SAMSUNG GALAXY A9 8+128GB 手機 藍色,SAMSUNG,3198.0,0.0,245.0,香港蘇寧,https://product.hksuning.com/0000000000/10705443171.html
5.0,5.0,10524360588.0,Mobile Phone,VIVO X21 手機 黑色,VIVO,2998.0,0.0,239.0,香港蘇寧,https://product.hksuning.com/0000000000/10524360588.html
5.0,5.0,10612565854.0,Mobile Phone,VIVO V11 手機 紫色,VIVO,1839.0,0.0,231.0,香港蘇寧,https://product.hksuning.com/0000000000/10612565854.html
5.0,4.98,10555846102.0,Laptop,APPLE Macbook Pro Touch Bar 13 2.3GHz i5 512GB Space Gray MR9R2ZP/A 手提電腦,APPLE,14188.0,0.0,224.0,香港蘇寧,https://product.hksuning.com/0000000000/10555846102.html
5.0,5.0,11191646476.0,Mobile Phone,HUAWEI Y9 Prime 2019 手機 幻夜黑,HUAWEI,1888.0,0.0,219.0,香港蘇寧,https://product.hksuning.com/0000000000/11191646476.html
5.0,5.0,11026147271.0,Mobile Phone,SAMSUNG GALAXY A40S 手機 6+64GB 黑色,SAMSUNG,1898.0,0.0,218.0,香港蘇寧,https://product.hksuning.com/0000000000/11026147271.html
5.0,5.0,10586383778.0,Mobile Phone,SAMSUNG GALAXY NOTE 9 512GB 手機 藍色,SAMSUNG,7312.0,0.0,216.0,香港蘇寧,https://product.hksuning.com/0000000000/10586383778.html
5.0,5.0,10964124069.0,Tablet,APPLE IPAD AIR 10.5 64GB WIFI GOLD MUUL2ZP/A 平板電腦,APPLE,3699.0,0.0,216.0,香港蘇寧,https://product.hksuning.com/0000000000/10964124069.html
5.0,5.0,10964124022.0,Tablet,APPLE IPAD AIR 10.5 64GB WIFI SILVER MUUK2ZP/A 平板電腦,APPLE,3699.0,0.0,212.0,香港蘇寧,https://product.hksuning.com/0000000000/10964124022.html
5.0,5.0,11020212650.0,Mobile Phone,HUAWEI P30 PRO 8+512GB 智能手機 橙色,HUAWEI,6398.0,0.0,208.0,香港蘇寧,https://product.hksuning.com/0000000000/11020212650.html
5.0,5.0,10964145615.0,Tablet,APPLE IPAD MINI 2019 64GB WIFI SPACE GREY MUQW2ZP/A 平板電腦,APPLE,2988.0,0.0,203.0,香港蘇寧,https://product.hksuning.com/0000000000/10964145615.html
5.0,5.0,10395360561.0,Tablet,Apple iPad (2018) Wi-Fi + Cellular 128GB MRM22ZP/A 金,Apple,3988.0,0.0,199.0,香港蘇寧,https://product.hksuning.com/0000000000/10395360561.html
5.0,5.0,10903483949.0,Mobile Phone,SAMSUNG GALAXY S10E 智能手機 6+128GB 幻鑽黑,SAMSUNG,4698.0,0.0,194.0,香港蘇寧,https://product.hksuning.com/0000000000/10903483949.html
5.0,5.0,10964145617.0,Tablet,APPLE IPAD MINI 2019 64GB WIFI SILVER MUQX2ZP/A 平板電腦,APPLE,2988.0,0.0,194.0,香港蘇寧,https://product.hksuning.com/0000000000/10964145617.html
5.0,5.0,10580223964.0,Tablet,Microsoft Surface Go (Intel 4415Y/64GB/4GB RAM),Microsoft,3188.0,0.0,186.0,香港蘇寧,https://product.hksuning.com/0000000000/10580223964.html
5.0,5.0,10584849445.0,Mobile Phone,APPLE IPHONE XR 64GB 手機 橙色,APPLE,5199.0,0.0,182.0,香港蘇寧,https://product.hksuning.com/0000000000/10584849445.html
5.0,5.0,10555863231.0,Laptop,Apple Macbook Air 13 1.6GHz I5 128GB Gold MREE2ZP/A 手提電腦,Apple,8929.0,0.0,179.0,香港蘇寧,https://product.hksuning.com/0000000000/10555863231.html
5.0,5.0,10555848714.0,Laptop,APPLE MACBOOK PRO TOUCH BAR 13'' 2.3GHz i5 256GB Silver MR9U2ZP/A 手提電腦,APPLE,12888.0,0.0,178.0,香港蘇寧,https://product.hksuning.com/0000000000/10555848714.html
5.0,5.0,11020212665.0,Mobile Phone,HUAWEI P30 LITE 6+128GB 智能手機 白色,HUAWEI,2388.0,0.0,176.0,香港蘇寧,https://product.hksuning.com/0000000000/11020212665.html
5.0,5.0,10586160964.0,Laptop,ACER SF114-32-C9R3 NX.GXVCF.001 14'' 128GB SSD手提電腦,ACER,4798.0,0.0,174.0,香港蘇寧,https://product.hksuning.com/0000000000/10586160964.html
5.0,5.0,10572433360.0,Mobile Phone,NOKIA 8110 手機 黑色,NOKIA,698.0,0.0,157.0,香港蘇寧,https://product.hksuning.com/0000000000/10572433360.html
5.0,5.0,10574024404.0,Laptop,HUAWEI MATEBOOK X PRO i7/16GB/512GB/GREY,HUAWEI,14988.0,0.0,157.0,香港蘇寧,https://product.hksuning.com/0000000000/10574024404.html
5.0,5.0,,,,,,,,,
5.0,5.0,10586383779.0,Mobile Phone,SAMSUNG GALAXY NOTE 9 512GB 手機紫色,SAMSUNG,7312.24,0.0,151.0,香港蘇寧,https://product.hksuning.com/0000000000/10586383779.html
5.0,5.0,11026147262.0,Mobile Phone,VIVO Y91C 手機 黑,VIVO,1098.0,0.0,149.0,香港蘇寧,https://product.hksuning.com/0000000000/11026147262.html
5.0,5.0,10964124098.0,Tablet,APPLE IPAD AIR 10.5 256GB WIFI SPACE GREY MUUQ2ZP/A 平板電腦,APPLE,4699.0,0.0,147.0,香港蘇寧,https://product.hksuning.com/0000000000/10964124098.html
5.0,5.0,10970331810.0,Laptop,HUAWEI MATEBOOK13 I7/8GB/512GB/GREY 手提電腦,HUAWEI,8198.0,0.0,145.0,香港蘇寧,https://product.hksuning.com/0000000000/10970331810.html
5.0,5.0,10952538741.0,Mobile Phone,SAMSUNG GALAXY TAB S5E 6+128GB WIFI 平板電腦 銀色,SAMSUNG,3888.0,0.0,143.0,香港蘇寧,https://product.hksuning.com/0000000000/10952538741.html
5.0,5.0,10883983078.0,Laptop,DELL Inspiron 15 3583 i7 256GB Black Ins3583-R1720-B-W10 手提電腦,DELL,6399.0,0.0,142.0,香港蘇寧,https://product.hksuning.com/0000000000/10883983078.html
5.0,5.0,10395109300.0,Tablet,Apple iPad (2018) Wi-Fi + Cellular 128GB MR722ZP/A 太空灰,Apple,3948.0,0.0,133.0,香港蘇寧,https://product.hksuning.com/0000000000/10395109300.html
5.0,5.0,10780284796.0,Laptop,LENOVO Ideapad 330S-15ARR 81FB00C5HH 手提電腦,LENOVO,6998.0,0.0,130.0,香港蘇寧,https://product.hksuning.com/0000000000/10780284796.html
5.0,5.0,10555817857.0,Tablet,Apple iPad Pro 11 64GB Wi-Fi Silver MTXP2ZP/A 平板電腦,Apple,5799.0,0.0,130.0,香港蘇寧,https://product.hksuning.com/0000000000/10555817857.html
5.0,5.0,10964145656.0,Tablet,APPLE IPAD MINI 2019 256GB WIFI GOLD MUU62ZP/A 平板電腦,APPLE,3988.0,0.0,129.0,香港蘇寧,https://product.hksuning.com/0000000000/10964145656.html
5.0,5.0,11026147265.0,Mobile Phone,VIVO Y91C 手機 藍色,VIVO,1098.0,0.0,129.0,香港蘇寧,https://product.hksuning.com/0000000000/11026147265.html
5.0,5.0,10555841085.0,Laptop,Apple MacBook Pro 15 2.6GHz i7 512GB 手提電腦,Apple,18988.0,0.0,128.0,香港蘇寧,https://product.hksuning.com/0000000000/10555841085.html
5.0,5.0,10952218503.0,Mobile Phone,VIVO V15 PRO 手機 藍色,VIVO,2998.0,0.0,127.0,香港蘇寧,https://product.hksuning.com/0000000000/10952218503.html
5.0,5.0,11116894797.0,Mobile Phone,SAMSUNG SM-T510NZKETGY TAB A 10.1 平板電腦 黑色,SAMSUNG,1888.0,0.0,126.0,香港蘇寧,https://product.hksuning.com/0000000000/11116894797.html
5.0,4.98,10555866892.0,Tablet,Apple iPad Pro 12.9 256GB Wi-Fi Silver MTFN2ZP/A 平板電腦,Apple,8199.0,0.0,120.0,香港蘇寧,https://product.hksuning.com/0000000000/10555866892.html
5.0,4.98,11314864580.0,Mobile Phone,SAMSUNG Note10+ 手機 12GB+256GB 幻光,SAMSUNG,7998.0,0.0,120.0,香港蘇寧,https://product.hksuning.com/0000000000/11314864580.html
5.0,5.0,10964124138.0,Tablet,APPLE IPAD AIR 10.5 256GB WI-FI SILVER MUUR2ZP/A 平板電腦,APPLE,4699.0,0.0,117.0,香港蘇寧,https://product.hksuning.com/0000000000/10964124138.html
5.0,5.0,10555863878.0,Laptop,Apple Macbook Air 13 1.6GHz I5 128GB Silver MREA2ZP/A 手提電腦,Apple,8929.0,0.0,116.0,香港蘇寧,https://product.hksuning.com/0000000000/10555863878.html
5.0,5.0,624902175.0,Laptop,Apple Macbook 12 1.3GHz i5 512GB Space Gray MNYG2ZP/A 手提電腦,Apple,11088.0,0.0,114.0,香港蘇寧,https://product.hksuning.com/0000000000/624902175.html
5.0,5.0,10964124185.0,Tablet,APPLE IPAD AIR 10.5 256GB WIFI GOLD MUUT2ZP/A 平板電腦,APPLE,4699.0,0.0,111.0,香港蘇寧,https://product.hksuning.com/0000000000/10964124185.html
5.0,5.0,10555840092.0,Laptop,APPLE Macbook Pro Touch Bar 15'' 2.2GHz i7 256GB Space Gray MR932ZP/A 手提電腦,APPLE,16688.0,0.0,109.0,香港蘇寧,https://product.hksuning.com/0000000000/10555840092.html
5.0,5.0,193709290.0,Laptop,聯想 (LENOVO) ThinkPad T460s 14吋i7 20F9A044HH 企業級超輕薄電腦,聯想,13388.0,0.0,107.0,香港蘇寧,https://product.hksuning.com/0000000000/193709290.html
5.0,5.0,10818305892.0,Tablet,Microsoft Surface Pro 6 (Core i5/ 256GB/ 8GB RAM),Microsoft,9988.0,0.0,105.0,香港蘇寧,https://product.hksuning.com/0000000000/10818305892.html
5.0,5.0,11314878297.0,Mobile Phone,SAMSUNG Note10+ 手機 12GB+256GB 幻黑,SAMSUNG,7998.0,0.0,103.0,香港蘇寧,https://product.hksuning.com/0000000000/11314878297.html
5.0,5.0,10883983076.0,Laptop,ACER Aspire 3 A315-53G-57HF 15.6'' 手提電腦,ACER,5498.0,0.0,103.0,香港蘇寧,https://product.hksuning.com/0000000000/10883983076.html
5.0,4.96,10555852823.0,Laptop,APPLE Macbook Pro Touch Bar 13 2.3GHz i5 512GB Silver MR9V2ZP/A 手提電腦,APPLE,14188.0,0.0,103.0,香港蘇寧,https://product.hksuning.com/0000000000/10555852823.html
5.0,4.98,10584849444.0,Mobile Phone,APPLE IPHONE XR 64GB 手機 黃色,APPLE,5199.0,0.0,96.0,香港蘇寧,https://product.hksuning.com/0000000000/10584849444.html
5.0,5.0,10964145627.0,Tablet,APPLE IPAD MINI 2019 256GB WIFI SPACE GREY MUU32ZP/A 平板電腦,APPLE,3988.0,0.0,96.0,香港蘇寧,https://product.hksuning.com/0000000000/10964145627.html
5.0,5.0,11314864607.0,Mobile Phone,SAMSUNG Note10+ 手機 12GB+256GB 幻白,SAMSUNG,7998.0,0.0,92.0,香港蘇寧,https://product.hksuning.com/0000000000/11314864607.html
5.0,5.0,10591752875.0,Laptop,LENOVO Ideapad 330-15ICH 手提電腦,LENOVO,6498.0,0.0,88.0,香港蘇寧,https://product.hksuning.com/0000000000/10591752875.html
5.0,5.0,10395359640.0,Tablet,Apple iPad (2018) Wi-Fi + Cellular 32GB MRM02ZP/A 金色,Apple,3338.0,0.0,87.0,香港蘇寧,https://product.hksuning.com/0000000000/10395359640.html
5.0,5.0,10584849219.0,Mobile Phone,APPLE IPHONE XS 512GB 手機 太空灰,APPLE,10799.0,0.0,86.0,香港蘇寧,https://product.hksuning.com/0000000000/10584849219.html
5.0,5.0,10964145679.0,Tablet,APPLE IPAD MINI 2019 64GB 4G SPACE GREY MUX52ZP/A 平板電腦,APPLE,3888.0,0.0,86.0,香港蘇寧,https://product.hksuning.com/0000000000/10964145679.html
5.0,5.0,10584849281.0,Mobile Phone,APPLE IPHONE XS 512GB 手機 金色,APPLE,10799.0,0.0,83.0,香港蘇寧,https://product.hksuning.com/0000000000/10584849281.html
5.0,5.0,10964145632.0,Tablet,APPLE IPAD MINI 2019 256GB WIFI SILVER MUU52ZP/A 平板電腦,APPLE,3988.0,0.0,82.0,香港蘇寧,https://product.hksuning.com/0000000000/10964145632.html
5.0,5.0,10964145688.0,Tablet,APPLE IPAD MINI 2019 64GB 4G GOLD MUX72ZP/A 平板電腦,APPLE,3949.0,0.0,82.0,香港蘇寧,https://product.hksuning.com/0000000000/10964145688.html
5.0,5.0,10964123899.0,Laptop,Apple Macbook Pro with Touch Bar 13 2.4GHz I5 256GB Space Gray MV962ZP/A 手提電腦,Apple,13535.0,0.0,79.0,香港蘇寧,https://product.hksuning.com/0000000000/10964123899.html
5.0,5.0,10903483769.0,Mobile Phone,SAMSUNG GALAXY S10 智能手機 8+512GB 幻鑽黑,SAMSUNG,6698.0,0.0,79.0,香港蘇寧,https://product.hksuning.com/0000000000/10903483769.html
5.0,5.0,10964123956.0,Laptop,Apple Macbook Pro with Touch Bar 13 2.4GHz I5 512GB Space Gray MV972ZP/A 手提電腦,Apple,14945.0,0.0,74.0,香港蘇寧,https://product.hksuning.com/0000000000/10964123956.html
5.0,5.0,10964145699.0,Tablet,APPLE IPAD MINI 2019 256GB 4G SPACE GREY MUXC2ZP/A,APPLE,4999.0,0.0,73.0,香港蘇寧,https://product.hksuning.com/0000000000/10964145699.html
5.0,5.0,624902233.0,Laptop,Apple Macbook 12 1.3GHz i5 512GB Silver MNYJ2ZP/A 手提電腦,Apple,11088.0,0.0,73.0,香港蘇寧,https://product.hksuning.com/0000000000/624902233.html
5.0,5.0,656160880.0,Mobile Phone,小米 (Mi) 紅米 Note 4X 64GB智能手機 玫瑰金色,小米,1399.0,0.0,70.0,香港蘇寧,https://product.hksuning.com/0000000000/656160880.html
5.0,5.0,10394995121.0,Tablet,Apple iPad (2018) Wi-Fi + Cellular 32GB MR6P2ZP/A 銀色,Apple,3288.0,0.0,66.0,香港蘇寧,https://product.hksuning.com/0000000000/10394995121.html
5.0,5.0,10555843051.0,Laptop,Apple Macbook Pro BAR 15 2.2GHz i7 256GB Sliver MR962ZP/A 手提電腦,Apple,16688.0,0.0,65.0,香港蘇寧,https://product.hksuning.com/0000000000/10555843051.html
5.0,5.0,10970237102.0,Laptop,HUAWEI MateBook 13 i5/8GB/256GB/深空灰 手提電腦,HUAWEI,6998.0,0.0,64.0,香港蘇寧,https://product.hksuning.com/0000000000/10970237102.html
5.0,5.0,10555843999.0,Laptop,Apple Macbook Pro BAR 15 2.6GHz i7 512GB Silver MR972ZP/A 手提電腦,Apple,18988.0,0.0,63.0,香港蘇寧,https://product.hksuning.com/0000000000/10555843999.html
5.0,5.0,10944549901.0,Mobile Phone,SAMSUNG TAB A 8 WIFI WITH S PEN 平板電腦 黑色,SAMSUNG,1888.0,0.0,63.0,香港蘇寧,https://product.hksuning.com/0000000000/10944549901.html
5.0,5.0,10964123807.0,Laptop,Apple Macbook Pro with Touch Bar 15 2.3GHz I9 512GB Space Gray MV912ZP/A 手提電腦,Apple,20679.0,0.0,61.0,香港蘇寧,https://product.hksuning.com/0000000000/10964123807.html
5.0,5.0,10555868338.0,Tablet,Apple iPad Pro 12.9 64GB Wi-Fi Space Gray MTEL2ZP/A 平板電腦,Apple,7199.0,0.0,60.0,香港蘇寧,https://product.hksuning.com/0000000000/10555868338.html
5.0,5.0,10394984583.0,Tablet,Apple iPad (2018) Wi-Fi + Cellular 32GB MR6N2ZP/A 太空灰,Apple,3288.0,0.0,59.0,香港蘇寧,https://product.hksuning.com/0000000000/10394984583.html
5.0,5.0,10880925011.0,Mobile Phone,HUAWE Y7 PRO 2019 智能手機 黑色,HUAWE,1188.0,0.0,59.0,香港蘇寧,https://product.hksuning.com/0000000000/10880925011.html
5.0,5.0,615437999.0,Tablet,微軟 (Microsoft) Surface Book Performance Base (i7/16GB/512GB),微軟,21688.0,0.0,58.0,香港蘇寧,https://product.hksuning.com/0000000000/615437999.html
5.0,5.0,11228763764.0,Mobile Phone,SAMSUNG T290 GALAXY TAB A 8 32GB WIFI,SAMSUNG,988.0,0.0,57.0,香港蘇寧,https://product.hksuning.com/0000000000/11228763764.html
5.0,5.0,10880925012.0,Mobile Phone,HUAWEI Y7 PRO 2019 智能手機 藍色,HUAWEI,1188.0,0.0,57.0,香港蘇寧,https://product.hksuning.com/0000000000/10880925012.html
5.0,5.0,10964145683.0,Tablet,APPLE IPAD MINI 2019 64GB 4G SILVER MUX62ZP/A 平板電腦,APPLE,3888.0,0.0,53.0,香港蘇寧,https://product.hksuning.com/0000000000/10964145683.html
5.0,4.98,11197208554.0,Mobile Phone,SAMSUNG SM-T510NZDETGY TAB A 10.1 32GB WIFI 金色,SAMSUNG,1888.0,0.0,52.0,香港蘇寧,https://product.hksuning.com/0000000000/11197208554.html
5.0,5.0,10574071838.0,Laptop,Apple Macbook Pro 13 with Touch Bar 1.4GHz I5 Space Gray MUHP2ZP/A 手提電腦,Apple,11899.0,0.0,52.0,香港蘇寧,https://product.hksuning.com/0000000000/10574071838.html
5.0,5.0,150843468.0,Mobile Phone,[限量1件]華為 (HUAWEI) P9 標準版 智能電話 月光銀,[限量1件]華為,3280.0,0.0,51.0,香港蘇寧,https://product.hksuning.com/0000000000/150843468.html
5.0,5.0,10584849251.0,Mobile Phone,APPLE IPHONE XS 512GB 手機 銀色,APPLE,10799.0,0.0,49.0,香港蘇寧,https://product.hksuning.com/0000000000/10584849251.html
5.0,5.0,10555846917.0,Tablet,Apple iPad Pro 12.9 256GB 4G Space Gray MTHV2ZP/A 平板電腦,Apple,9199.0,0.0,48.0,香港蘇寧,https://product.hksuning.com/0000000000/10555846917.html
5.0,5.0,10719285049.0,Mobile Phone,SAMSUNG GALAXY NOTE 9 128GB 手機 白色,SAMSUNG,5556.12,0.0,45.0,香港蘇寧,https://product.hksuning.com/0000000000/10719285049.html
5.0,5.0,10944549906.0,Mobile Phone,SAMSUNG TAB A 8 LTE WITH S PEN 平板電腦 黑色,SAMSUNG,2488.0,0.0,44.0,香港蘇寧,https://product.hksuning.com/0000000000/10944549906.html
5.0,5.0,10555572829.0,Tablet,Apple iPad Pro 11 64GB 4G Space Gray MU0M2ZP/A 平板電腦,Apple,6799.0,0.0,43.0,香港蘇寧,https://product.hksuning.com/0000000000/10555572829.html
5.0,5.0,11136280253.0,Mobile Phone,VIVO Y17 手機 藍色,VIVO,1698.0,0.0,43.0,香港蘇寧,https://product.hksuning.com/0000000000/11136280253.html
5.0,4.98,10555805676.0,Tablet,Apple iPad Pro 11 512GB Wi-Fi Space Gray MTXT2ZP/A 平板電腦,Apple,8199.0,0.0,41.0,香港蘇寧,https://product.hksuning.com/0000000000/10555805676.html
5.0,5.0,10964123793.0,Laptop,Apple Macbook Pro with Touch Bar 15 2.6GHz I7 256GB Space Gray MV902ZP/A 手提電腦,Apple,17099.0,0.0,41.0,香港蘇寧,https://product.hksuning.com/0000000000/10964123793.html
5.0,5.0,10555857393.0,Laptop,APPLE Macbook 12 1.2GHz M3 256GB Gold MRQN2ZP/A 手提電腦,APPLE,9288.0,0.0,40.0,香港蘇寧,https://product.hksuning.com/0000000000/10555857393.html
5.0,4.95,10964145562.0,Tablet,APPLE IPAD AIR 10.5 256GB 4G SPACE GREY MV0N2ZP/A 平板電腦,APPLE,5488.0,0.0,40.0,香港蘇寧,https://product.hksuning.com/0000000000/10964145562.html
5.0,5.0,11314864622.0,Mobile Phone,SAMSUNG Note10+ 手機 12GB+512GB 幻光,SAMSUNG,8998.0,0.0,39.0,香港蘇寧,https://product.hksuning.com/0000000000/11314864622.html
5.0,5.0,10964145600.0,Tablet,APPLE IPAD AIR 10.5 256GB 4G GOLD MV0Q2ZP/A 平板電腦,APPLE,5499.0,0.0,39.0,香港蘇寧,https://product.hksuning.com/0000000000/10964145600.html
5.0,5.0,10880925013.0,Mobile Phone,HUAWEI Y7 PRO 2019 智能手機 紅色,HUAWEI,1188.0,0.0,39.0,香港蘇寧,https://product.hksuning.com/0000000000/10880925013.html
5.0,5.0,10877830653.0,Mobile Phone,NOKIA 9 PUREVIEW 手機 藍色,NOKIA,3998.0,0.0,37.0,香港蘇寧,https://product.hksuning.com/0000000000/10877830653.html
5.0,5.0,11136280258.0,Mobile Phone,VIVO Y17 手機 紫色,VIVO,1698.0,0.0,37.0,香港蘇寧,https://product.hksuning.com/0000000000/11136280258.html
5.0,5.0,612739294.0,Laptop,雷蛇 (RAZER) Blade B6NT/W10/FHD/i7/16GB/1TB SSD 電競級遊戲筆記本,雷蛇,17599.0,0.0,36.0,香港蘇寧,https://product.hksuning.com/0000000000/612739294.html
5.0,4.94,10964145573.0,Tablet,APPLE IPAD AIR 10.5 256GB 4G SILVER MV0P2ZP/A 平板電腦,APPLE,5488.0,0.0,35.0,香港蘇寧,https://product.hksuning.com/0000000000/10964145573.html
5.0,5.0,11314864616.0,Mobile Phone,SAMSUNG Note10+ 手機 12GB+512GB 幻黑,SAMSUNG,8998.0,0.0,35.0,香港蘇寧,https://product.hksuning.com/0000000000/11314864616.html
5.0,5.0,10964145765.0,Tablet,APPLE IPAD MINI 2019 256GB 4G SILVER MUXD2ZP/A 平板電腦,APPLE,4899.0,0.0,35.0,香港蘇寧,https://product.hksuning.com/0000000000/10964145765.html
5.0,5.0,11193559892.0,Mobile Phone,SAMSUNG GALAXY A80 手機 8+128GB 幻魅金,SAMSUNG,4098.0,0.0,34.0,香港蘇寧,https://product.hksuning.com/0000000000/11193559892.html
5.0,5.0,10574070923.0,Laptop,Apple Macbook Pro 13 with Touch Bar 1.4GHz I5 128GB Space Gray MUHN2ZP/A 手提電腦,Apple,10399.0,0.0,34.0,香港蘇寧,https://product.hksuning.com/0000000000/10574070923.html
5.0,5.0,10555867477.0,Tablet,Apple iPad Pro 12.9 512GB Wi-Fi Space Gray MTFP2ZP/A 平板電腦,Apple,9699.0,0.0,33.0,香港蘇寧,https://product.hksuning.com/0000000000/10555867477.html
5.0,5.0,690402405.0,Mobile Phone,MEIZU PRO 7 PLUS M793H 手機 黑色,MEIZU,1799.0,0.0,30.0,香港蘇寧,https://product.hksuning.com/0000000000/690402405.html
5.0,5.0,10748547461.0,Mobile Phone,NOKIA 8.1 智能手機 鋼銀色,NOKIA,1999.0,0.0,30.0,香港蘇寧,https://product.hksuning.com/0000000000/10748547461.html
5.0,5.0,10555566928.0,Tablet,Apple iPad Pro 11 512GB 4G Space Gray MU1F2ZP/A 平板電腦,Apple,9199.0,0.0,29.0,香港蘇寧,https://product.hksuning.com/0000000000/10555566928.html
5.0,5.0,10555867679.0,Tablet,Apple iPad Pro 12.9 64GB Wi-Fi Silver MTEM2ZP/A 平板電腦,Apple,7199.0,0.0,28.0,香港蘇寧,https://product.hksuning.com/0000000000/10555867679.html
5.0,5.0,10580005239.0,Mobile Phone,SAMSUNG SM-T835CZKLTGY BLACK TAB S4 256GB LTE【蘇寧9周年】,SAMSUNG,6288.0,0.0,27.0,香港蘇寧,https://product.hksuning.com/0000000000/10580005239.html
5.0,5.0,11193559889.0,Mobile Phone,SAMSUNG GALAXY A80 手機 8+128GB 魅影黑,SAMSUNG,4098.0,0.0,27.0,香港蘇寧,https://product.hksuning.com/0000000000/11193559889.html
5.0,5.0,10592156842.0,Laptop,Apple Macbook Pro with Touch Bar 13 2.4GHz I5 512GB Silver MV9A2ZP/A 手提電腦,Apple,14945.0,0.0,27.0,香港蘇寧,https://product.hksuning.com/0000000000/10592156842.html
5.0,5.0,10555863478.0,Tablet,Apple iPad Pro 12.9 64GB 4G Space Gray MTHJ2ZP/A 平板電腦,Apple,8199.0,0.0,24.0,香港蘇寧,https://product.hksuning.com/0000000000/10555863478.html
5.0,5.0,10964123852.0,Laptop,Apple Macbook Pro with Touch Bar 15 2.3GHz I9 512GB Silver MV932ZP/A 手提電腦,Apple,20679.0,0.0,24.0,香港蘇寧,https://product.hksuning.com/0000000000/10964123852.html
5.0,5.0,10964124188.0,Tablet,APPLE IPAD AIR 10.5 64GB 4G SPACE GREY MV0D2ZP/A 平板電腦,APPLE,4599.0,0.0,23.0,香港蘇寧,https://product.hksuning.com/0000000000/10964124188.html
5.0,5.0,10555867395.0,Tablet,Apple iPad Pro 12.9 512GB Wi-Fi Silver MTFQ2ZP/A 平板電腦,Apple,9699.0,0.0,23.0,香港蘇寧,https://product.hksuning.com/0000000000/10555867395.html
5.0,5.0,690402406.0,Mobile Phone,MEIZU PRO 7 PLUS M793H 手機 太空黑,MEIZU,1799.0,0.0,21.0,香港蘇寧,https://product.hksuning.com/0000000000/690402406.html
5.0,5.0,10574067139.0,Laptop,Apple Macbook Air 13 1.6GHz I5 128GB Gold MVFM2ZP/A 手提電腦,Apple,8899.0,0.0,21.0,香港蘇寧,https://product.hksuning.com/0000000000/10574067139.html
5.0,5.0,10574063711.0,Laptop,Apple Macbook Air 13 1.6GHz I5 256GB Space Gray MVFJ2ZP/A 手提電腦,Apple,10399.0,0.0,21.0,香港蘇寧,https://product.hksuning.com/0000000000/10574063711.html
5.0,5.0,,,,,,,,,
5.0,5.0,10574068768.0,Laptop,Apple Macbook Air 13 1.6GHz I5 256GB Gold MVFN2ZP/A 手提電腦,Apple,10399.0,0.0,20.0,香港蘇寧,https://product.hksuning.com/0000000000/10574068768.html
5.0,5.0,11314878283.0,Mobile Phone,SAMSUNG Note10 手機 8GB+256GB 幻光,SAMSUNG,6998.0,0.0,19.0,香港蘇寧,https://product.hksuning.com/0000000000/11314878283.html
5.0,5.0,10548430151.0,Mobile Phone,LG G7 手機 64GB 藍色,LG,4398.0,0.0,18.0,香港蘇寧,https://product.hksuning.com/0000000000/10548430151.html
5.0,5.0,11194736884.0,Laptop,Asus VivoBook14 X420FA-SS8202T Notebook 手提電腦,Asus,6498.0,0.0,18.0,香港蘇寧,https://product.hksuning.com/0000000000/11194736884.html
5.0,5.0,10717774549.0,Tablet,AMAZON ALL KINDLE PAPERWHITE 4TH GEN 32GB 黑色 電子書,AMAZON,1388.0,0.0,18.0,香港蘇寧,https://product.hksuning.com/0000000000/10717774549.html
5.0,5.0,10964124236.0,Tablet,APPLE IPAD AIR 10.5 64GB 4G GOLD MV0F2ZP/A 平板電腦,APPLE,4488.0,0.0,16.0,香港蘇寧,https://product.hksuning.com/0000000000/10964124236.html
5.0,5.0,10555803878.0,Tablet,Apple iPad Pro 11 512GB Wi-Fi Silver MTXU2ZP/A 平板電腦,Apple,8199.0,0.0,16.0,香港蘇寧,https://product.hksuning.com/0000000000/10555803878.html
5.0,5.0,10859217502.0,Mobile Phone,LENOVO L38011 K5 PLAY 3+32GB 手機 藍色,LENOVO,1099.0,0.0,8.0,香港蘇寧,https://product.hksuning.com/0000000000/10859217502.html
5.0,5.0,10859217502.0,Mobile Phone,LENOVO L38011 K5 PLAY 3+32GB 手機 藍色,LENOVO,1099.0,0.0,8.0,香港蘇寧,https://product.hksuning.com/0000000000/10859217502.html
5.0,5.0,10964124211.0,Tablet,APPLE IPAD AIR 10.5 64GB 4G SILVER MV0E2ZP/A 平板電腦,APPLE,4599.0,0.0,16.0,香港蘇寧,https://product.hksuning.com/0000000000/10964124211.html
5.0,5.0,10594811399.0,Mobile Phone,LG K11+ 智能手機 藍色,LG,1598.0,0.0,16.0,香港蘇寧,https://product.hksuning.com/0000000000/10594811399.html
5.0,5.0,10592156838.0,Laptop,Apple Macbook Pro with Touch Bar 13 2.4GHz I5 256GB Silver MV992ZP/A 手提電腦,Apple,13399.0,0.0,15.0,香港蘇寧,https://product.hksuning.com/0000000000/10592156838.html
5.0,5.0,10717774544.0,Tablet,AMAZON ALL KINDLE PAPERWHITE 4TH GEN 8GB 黑色 電子書,AMAZON,1699.0,0.0,14.0,香港蘇寧,https://product.hksuning.com/0000000000/10717774544.html
5.0,5.0,10580992866.0,Tablet,AMAZON KINDLE PAPERWHITE HD WIFI 4GB WHITE 電子書,AMAZON,1599.0,0.0,14.0,香港蘇寧,https://product.hksuning.com/0000000000/10580992866.html
5.0,5.0,10686527830.0,Mobile Phone,ALCATEL 5V 手機 黑色,ALCATEL,1399.0,0.0,14.0,香港蘇寧,https://product.hksuning.com/0000000000/10686527830.html
5.0,5.0,675174484.0,Laptop,HP PAVILION GAMING 15 手提電腦,HP,11999.0,0.0,14.0,香港蘇寧,https://product.hksuning.com/0000000000/675174484.html
5.0,5.0,10555566560.0,Tablet,Apple iPad Pro 11 512GB 4G Silver MU1M2ZP/A 平板電腦,Apple,9199.0,0.0,13.0,香港蘇寧,https://product.hksuning.com/0000000000/10555566560.html
5.0,5.0,10555859590.0,Laptop,Apple Macbook 12 1.3GHz I5 512GB Gold MRQP2ZP/A 手提電腦,Apple,11088.0,0.0,13.0,香港蘇寧,https://product.hksuning.com/0000000000/10555859590.html
5.0,5.0,10594811400.0,Mobile Phone,LG K11+ 智能手機 金色,LG,1598.0,0.0,13.0,香港蘇寧,https://product.hksuning.com/0000000000/10594811400.html
5.0,5.0,612739286.0,Laptop,雷蛇 (RAZER) Blade (B6NT/W10/FHD/i7/16GB/256GB SSD) 電競級遊戲筆記本,雷蛇,15999.0,0.0,13.0,香港蘇寧,https://product.hksuning.com/0000000000/612739286.html
5.0,5.0,11314878266.0,Mobile Phone,SAMSUNG Note10 手機 8GB+256GB 幻黑,SAMSUNG,6998.0,0.0,12.0,香港蘇寧,https://product.hksuning.com/0000000000/11314878266.html
5.0,5.0,10574052648.0,Laptop,Apple Macbook Air 13 1.6GHz I5 128GB Silver MVFK2ZP/A 手提電腦,Apple,8899.0,0.0,12.0,香港蘇寧,https://product.hksuning.com/0000000000/10574052648.html
5.0,5.0,10574072528.0,Laptop,Apple Macbook Pro 13 with Touch Bar 1.4GHz i5 128GB Silver MUHQ2ZP/A 手提電腦,Apple,10399.0,0.0,12.0,香港蘇寧,https://product.hksuning.com/0000000000/10574072528.html
5.0,5.0,10555567339.0,Tablet,Apple iPad Pro 11 64GB 4G Silver MU0U2ZP/A 平板電腦,Apple,6799.0,0.0,12.0,香港蘇寧,https://product.hksuning.com/0000000000/10555567339.html
5.0,5.0,10584534153.0,Mobile Phone,MOTOROLA MOTO E5 PLUS 手機 黑色,MOTOROLA,1529.0,0.0,11.0,香港蘇寧,https://product.hksuning.com/0000000000/10584534153.html
5.0,5.0,10555861888.0,Tablet,Apple iPad Pro 12.9 512GB 4G Space Gray MTJD2ZP/A 平板電腦,Apple,10629.0,0.0,11.0,香港蘇寧,https://product.hksuning.com/0000000000/10555861888.html
5.0,5.0,10555862151.0,Tablet,Apple iPad Pro 12.9 64GB 4G Silver MTHP2ZP/A 平板電腦,Apple,8199.0,0.0,10.0,香港蘇寧,https://product.hksuning.com/0000000000/10555862151.html
5.0,5.0,11322412881.0,Laptop,ASUS Laptop X407MA-AS4011T notebook手提電腦,ASUS,2998.0,0.0,10.0,香港蘇寧,https://product.hksuning.com/0000000000/11322412881.html
5.0,5.0,10574064814.0,Laptop,Apple Macbook Air 13 1.6GHz I5 256GB Silver MVFL2ZP/A 手提電腦,Apple,10399.0,0.0,10.0,香港蘇寧,https://product.hksuning.com/0000000000/10574064814.html
5.0,5.0,10574051410.0,Laptop,Apple Macbook Air 13 1.6GHz I5 128GB Space Gray MVFH2ZP/A 手提電腦,Apple,8899.0,0.0,10.0,香港蘇寧,https://product.hksuning.com/0000000000/10574051410.html
5.0,5.0,10748851001.0,Laptop,FUJITSU E558K503B 15.6'' i5 256GB SSD MADE IN JAPAN 手提電腦,FUJITSU,9998.0,0.0,9.0,香港蘇寧,https://product.hksuning.com/0000000000/10748851001.html
5.0,5.0,11314878289.0,Mobile Phone,SAMSUNG Note10 手機 8GB+256GB 幻白,SAMSUNG,6998.0,0.0,9.0,香港蘇寧,https://product.hksuning.com/0000000000/11314878289.html
5.0,5.0,10605103655.0,Laptop,SAMSUNG NOTEBOOK 9 ALWAYS 13.3'' 512GB SSD NP900X3T-K03HK 手提電腦,SAMSUNG,13480.0,0.0,9.0,香港蘇寧,https://product.hksuning.com/0000000000/10605103655.html
5.0,5.0,10162752130.0,Laptop,FUJITSU U537K703B NB i7 13.3''黑色 手提電腦,FUJITSU,6998.0,0.0,9.0,香港蘇寧,https://product.hksuning.com/0000000000/10162752130.html
5.0,5.0,11269697063.0,Laptop,ASUS VivoBook S406UA-AS8202E Notebook 手提電腦,ASUS,5498.0,0.0,8.0,香港蘇寧,https://product.hksuning.com/0000000000/11269697063.html
5.0,5.0,10964123826.0,Laptop,Apple Macbook Pro with Touch Bar 15 2.6GHz I7 256GB Silver MV922ZP/A 手提電腦,Apple,17859.0,0.0,7.0,香港蘇寧,https://product.hksuning.com/0000000000/10964123826.html
5.0,5.0,10569646283.0,Mobile Phone,MOTOROLA MOTO G6 PLUS 手機 黑色,MOTOROLA,2199.0,0.0,7.0,香港蘇寧,https://product.hksuning.com/0000000000/10569646283.html
5.0,5.0,11193559937.0,Mobile Phone,SAMSUNG GALAXY A80 手機 8+128GB 魅光白,SAMSUNG,4098.0,0.0,7.0,香港蘇寧,https://product.hksuning.com/0000000000/11193559937.html
5.0,5.0,10605103653.0,Laptop,SAMSUNG NOTEBOOK 9 ALWAYS 13.3'' 256GB SSD NP900X3T-K01HK 手提電腦,SAMSUNG,7390.0,0.0,6.0,香港蘇寧,https://product.hksuning.com/0000000000/10605103653.html
5.0,5.0,10605103654.0,Laptop,SAMSUNG NOTEBOOK 9 ALWAYS 13.3'' 256 GB SSD NP900X3T-K02HK 手提電腦,SAMSUNG,11480.0,0.0,6.0,香港蘇寧,https://product.hksuning.com/0000000000/10605103654.html
5.0,5.0,10605103656.0,Laptop,SAMSUNG NOTEBOOK 9 ALWAYS 15'' 256GB SSD NP900X5T-K02HK手提電腦,SAMSUNG,10980.0,0.0,6.0,香港蘇寧,https://product.hksuning.com/0000000000/10605103656.html
5.0,5.0,11008663718.0,Mobile Phone,HONOR View 20 6+128GB 智能手機 幻夜黑,HONOR,3499.0,0.0,5.0,香港蘇寧,https://product.hksuning.com/0000000000/11008663718.html
5.0,5.0,10859217499.0,Mobile Phone,LENOVO K520 S5 4+64GB 手機 黑色,LENOVO,1399.0,0.0,5.0,香港蘇寧,https://product.hksuning.com/0000000000/10859217499.html
5.0,5.0,10555851024.0,Tablet,Apple iPad Pro 12.9 512GB 4G Silver MTJJ2ZP/A 平板電腦,Apple,10629.0,0.0,5.0,香港蘇寧,https://product.hksuning.com/0000000000/10555851024.html
5.0,5.0,10555865475.0,Tablet,Apple iPad Pro 12.9 1TB Wi-Fi Space Gray MTFR2ZP/A 平板電腦,Apple,12499.0,0.0,5.0,香港蘇寧,https://product.hksuning.com/0000000000/10555865475.html
5.0,5.0,10555754413.0,Tablet,Apple iPad Pro 11 1TB Wi-Fi Silver MTXW2ZP/A 平板電腦,Apple,11079.0,0.0,4.0,香港蘇寧,https://product.hksuning.com/0000000000/10555754413.html
5.0,5.0,11308814872.0,Mobile Phone,SAMSUNG TAB S6 WIFI 8+256GB 平板電腦,SAMSUNG,6188.0,0.0,4.0,香港蘇寧,https://product.hksuning.com/0000000000/11308814872.html
5.0,5.0,10605109620.0,Laptop,SAMSUNG NOTEBOOK 9 ALWAYS 15'' 256GB SSD NP900X5T-K01HK 手提電腦,SAMSUNG,9788.0,0.0,4.0,香港蘇寧,https://product.hksuning.com/0000000000/10605109620.html
5.0,5.0,11241444386.0,Laptop,ASUS ZenBook S UX391UA-BP8515E Notebook 手提電腦,ASUS,8998.0,0.0,3.0,香港蘇寧,https://product.hksuning.com/0000000000/11241444386.html
5.0,5.0,11008663850.0,Mobile Phone,HONOR View 20 8+256GB 智能手機 幻影藍,HONOR,3499.0,0.0,3.0,香港蘇寧,https://product.hksuning.com/0000000000/11008663850.html
5.0,5.0,11308814750.0,Mobile Phone,SAMSUNG TAB S6 WIFI 6+128GB 平板電腦,SAMSUNG,5488.0,0.0,2.0,香港蘇寧,https://product.hksuning.com/0000000000/11308814750.html
5.0,5.0,10584849614.0,Mobile Phone,APPLE IPHONE 11 PRO MAX 256GB 手機 午夜綠色,APPLE,10799.0,0.0,2.0,香港蘇寧,https://product.hksuning.com/0000000000/10584849614.html
5.0,5.0,10748851002.0,Laptop,FUJITSU E548K501B 14'' i5 256GB SSD MADE IN JAPAN 手提電腦,FUJITSU,8998.0,0.0,2.0,香港蘇寧,https://product.hksuning.com/0000000000/10748851002.html
5.0,5.0,10578454629.0,Mobile Phone,GLOBAL PHONE 智能手機 藍色,GLOBAL,2688.0,0.0,2.0,香港蘇寧,https://product.hksuning.com/0000000000/10578454629.html
5.0,5.0,11356505335.0,Mobile Phone,APPLE IPHONE 11 PRO MAX 64GB 手機 午夜綠色,APPLE,9499.0,0.0,2.0,香港蘇寧,https://product.hksuning.com/0000000000/11356505335.html
5.0,5.0,694759712.0,Laptop,RAZER BLADE STEALTH 13.3 I7/16GB/512GB RZ09-01963E32-R341 遊戲手提電腦,RAZER,13999.0,0.0,2.0,香港蘇寧,https://product.hksuning.com/0000000000/694759712.html
5.0,5.0,11228763880.0,Mobile Phone,SAMSUNG SM-T295C GALAXY TAB A 8 32GB LTE 银色,SAMSUNG,1388.0,0.0,2.0,香港蘇寧,https://product.hksuning.com/0000000000/11228763880.html
5.0,5.0,11356505278.0,Mobile Phone,APPLE IPHONE 11 128GB 手機 綠色,APPLE,6499.0,0.0,1.0,香港蘇寧,https://product.hksuning.com/0000000000/11356505278.html
5.0,5.0,11356505336.0,Mobile Phone,APPLE IPHONE 11 PRO MAX 256GB 手機 太空灰,APPLE,10799.0,0.0,1.0,香港蘇寧,https://product.hksuning.com/0000000000/11356505336.html
,,11359867696.0,Tablet,Apple iPad 10.2 Wifi 32GB Space Gray MW742ZP/A 平板電腦,Apple,2599.0,-1.0,0.0,香港蘇寧,https://product.hksuning.com/0000000000/11359867696.html
,,11359867697.0,Tablet,Apple iPad 10.2 Wifi 32GB Silver MW752ZP/A 平板電腦,Apple,2599.0,-1.0,0.0,香港蘇寧,https://product.hksuning.com/0000000000/11359867697.html
,,11359867698.0,Tablet,Apple iPad 10.2 Wifi 32GB Gold MW762ZP/A 平板電腦,Apple,2599.0,-1.0,0.0,香港蘇寧,https://product.hksuning.com/0000000000/11359867698.html
,,11359867699.0,Tablet,Apple iPad 10.2 Wifi 128GB SpaceGray MW772ZP/A 平板電腦,Apple,3399.0,-1.0,0.0,香港蘇寧,https://product.hksuning.com/0000000000/11359867699.html
,,11359867700.0,Tablet,Apple iPad 10.2 Wifi 128GB Silver MW782ZP/A 平板電腦,Apple,3399.0,-1.0,0.0,香港蘇寧,https://product.hksuning.com/0000000000/11359867700.html
,,11359867701.0,Tablet,Apple iPad 10.2 WIifi 128GB Gold MW792ZP/A 平板電腦,Apple,3399.0,-1.0,0.0,香港蘇寧,https://product.hksuning.com/0000000000/11359867701.html
,,10555845879.0,Tablet,Apple iPad Pro 12.9 256GB 4G Silver MTJ62ZP/A 平板電腦,Apple,9199.0,-1.0,0.0,香港蘇寧,https://product.hksuning.com/0000000000/10555845879.html
,,10964145768.0,Tablet,APPLE IPAD MINI 2019 256GB 4G GOLD MUXE2ZP/A 平板電腦,APPLE,4899.0,-1.0,0.0,香港蘇寧,https://product.hksuning.com/0000000000/10964145768.html
,,10395120260.0,Tablet,Apple iPad (2018) Wi-Fi + Cellular 128GB MR732ZP/A 銀色,Apple,3988.0,-1.0,0.0,香港蘇寧,https://product.hksuning.com/0000000000/10395120260.html
,,10555823651.0,Tablet,Apple iPad Pro 11 64GB Wi-Fi Space Gray MTXN2ZP/A 平板電腦,Apple,5799.0,-1.0,0.0,香港蘇寧,https://product.hksuning.com/0000000000/10555823651.html
,,10395181893.0,Tablet,Apple iPad (2018) Wi-Fi 128GB MR7J2ZP/A 太空灰,Apple,3088.0,-1.0,0.0,香港蘇寧,https://product.hksuning.com/0000000000/10395181893.html
,,10395197204.0,Tablet,Apple iPad (2018) Wi-Fi 32GB MRJN2ZP/A 金色,Apple,2428.0,-1.0,0.0,香港蘇寧,https://product.hksuning.com/0000000000/10395197204.html
,,11359867692.0,Tablet,Apple iPad 10.2 4G 32GB Gold MW6D2ZP/A 平板電腦,Apple,3599.0,-1.0,0.0,香港蘇寧,https://product.hksuning.com/0000000000/11359867692.html
,,624902234.0,Laptop,Apple MacBook 12 MNYK2ZP/A（金色）,Apple,9388.0,-1.0,0.0,香港蘇寧,https://product.hksuning.com/0000000000/624902234.html
,,10555864883.0,Laptop,Apple Macbook Air 13 1.6GHz I5 256GB Gold MREF2ZP/A 手提電腦,Apple,10339.0,-1.0,0.0,香港蘇寧,https://product.hksuning.com/0000000000/10555864883.html
,,11356500071.0,Mobile Phone,APPLE IPHONE 11 64GB 手機 紅色,APPLE,5999.0,-1.0,0.0,香港蘇寧,https://product.hksuning.com/0000000000/11356500071.html
,,11356505301.0,Mobile Phone,APPLE IPHONE 11 PRO 256GB 手機 太空灰,APPLE,9899.0,-1.0,0.0,香港蘇寧,https://product.hksuning.com/0000000000/11356505301.html
,,11356505303.0,Mobile Phone,APPLE IPHONE 11 PRO 256GB 手機 銀色,APPLE,9899.0,-1.0,0.0,香港蘇寧,https://product.hksuning.com/0000000000/11356505303.html
,,11356505306.0,Mobile Phone,APPLE IPHONE 11 PRO 256GB 手機 金色,APPLE,9899.0,-1.0,0.0,香港蘇寧,https://product.hksuning.com/0000000000/11356505306.html
,,11356505307.0,Mobile Phone,APPLE IPHONE 11 PRO 256GB 手機 午夜綠色,APPLE,9899.0,-1.0,0.0,香港蘇寧,https://product.hksuning.com/0000000000/11356505307.html
,,11362841977.0,Mobile Phone,HUAWEI NOVA 5T 手機 蘇音藍,HUAWEI,3088.0,-1.0,0.0,香港蘇寧,https://product.hksuning.com/0000000000/11362841977.html
,,11008663653.0,Mobile Phone,HONOR View 20 6+128GB 智能手機 魅海藍,HONOR,3499.0,-1.0,0.0,香港蘇寧,https://product.hksuning.com/0000000000/11008663653.html
,,11356505270.0,Mobile Phone,APPLE IPHONE 11 128GB 手機 白色,APPLE,6499.0,-1.0,0.0,香港蘇寧,https://product.hksuning.com/0000000000/11356505270.html
,,11356505273.0,Mobile Phone,APPLE IPHONE 11 128GB 手機 紅色,APPLE,6499.0,-1.0,0.0,香港蘇寧,https://product.hksuning.com/0000000000/11356505273.html
,,10584849620.0,Mobile Phone,APPLE IPHONE 11 PRO MAX 512GB 手機 銀色,APPLE,12499.0,-1.0,0.0,香港蘇寧,https://product.hksuning.com/0000000000/10584849620.html
,,10584849623.0,Mobile Phone,APPLE IPHONE 11 PRO MAX 512GB 手機 金色,APPLE,12499.0,-1.0,0.0,香港蘇寧,https://product.hksuning.com/0000000000/10584849623.html
,,10584849624.0,Mobile Phone,APPLE IPHONE 11 PRO MAX 512GB 手機 午夜綠色,APPLE,12499.0,-1.0,0.0,香港蘇寧,https://product.hksuning.com/0000000000/10584849624.html
,,10584849629.0,Mobile Phone,APPLE IPHONE 8 128GB 手機 太空灰,APPLE,4311.02,-1.0,0.0,香港蘇寧,https://product.hksuning.com/0000000000/10584849629.html
,,11308814874.0,Mobile Phone,SAMSUNG TAB S6 LTE 8+256GB 平板電腦,SAMSUNG,6788.0,-1.0,0.0,香港蘇寧,https://product.hksuning.com/0000000000/11308814874.html
,,11356505310.0,Mobile Phone,APPLE IPHONE 11 PRO 512GB 手機 銀色,APPLE,11599.0,-1.0,0.0,香港蘇寧,https://product.hksuning.com/0000000000/11356505310.html
,,11356505311.0,Mobile Phone,APPLE IPHONE 11 PRO 512GB 手機 金色,APPLE,11599.0,-1.0,0.0,香港蘇寧,https://product.hksuning.com/0000000000/11356505311.html
,,11356511086.0,Mobile Phone,APPLE IPHONE 11 PRO 512GB 手機 太空灰,APPLE,11599.0,-1.0,0.0,香港蘇寧,https://product.hksuning.com/0000000000/11356511086.html
,,11356505312.0,Mobile Phone,APPLE IPHONE 11 PRO 512GB 手機 午夜綠色,APPLE,11599.0,-1.0,0.0,香港蘇寧,https://product.hksuning.com/0000000000/11356505312.html
,,11356511087.0,Mobile Phone,APPLE IPHONE 11 PRO MAX 256GB 手機 銀色,APPLE,10799.0,-1.0,0.0,香港蘇寧,https://product.hksuning.com/0000000000/11356511087.html
,,11362693362.0,Mobile Phone,HUAWEI P30 PRO 8+256GB 手機 神秘蓝,HUAWEI,5498.0,-1.0,0.0,香港蘇寧,https://product.hksuning.com/0000000000/11362693362.html
,,10584849659.0,Mobile Phone,APPLE IPHONE 8 128GB 手機 銀色,APPLE,4311.02,-1.0,0.0,香港蘇寧,https://product.hksuning.com/0000000000/10584849659.html
,,11356505313.0,Mobile Phone,APPLE IPHONE 11 PRO MAX 64GB 手機 太空灰,APPLE,9499.0,-1.0,0.0,香港蘇寧,https://product.hksuning.com/0000000000/11356505313.html
,,11356505314.0,Mobile Phone,APPLE IPHONE 11 PRO MAX 64GB 手機 銀色,APPLE,9499.0,-1.0,0.0,香港蘇寧,https://product.hksuning.com/0000000000/11356505314.html
,,11362841982.0,Mobile Phone,HUAWEI NOVA 5T 手機 仲夏紫,HUAWEI,3088.0,-1.0,0.0,香港蘇寧,https://product.hksuning.com/0000000000/11362841982.html
,,11362846166.0,Mobile Phone,HUAWEI NOVA 5T 手機 亮黑色,HUAWEI,3088.0,-1.0,0.0,香港蘇寧,https://product.hksuning.com/0000000000/11362846166.html
,,10584849312.0,Mobile Phone,APPLE IPHONE XS MAX 64GB 手機 銀色,APPLE,8169.0,-1.0,0.0,香港蘇寧,https://product.hksuning.com/0000000000/10584849312.html
,,11356505282.0,Mobile Phone,APPLE IPHONE 11 256GB 手機 黑色,APPLE,7299.0,-1.0,0.0,香港蘇寧,https://product.hksuning.com/0000000000/11356505282.html
,,11356505283.0,Mobile Phone,APPLE IPHONE 11 256GB 手機 白色,APPLE,7299.0,-1.0,0.0,香港蘇寧,https://product.hksuning.com/0000000000/11356505283.html
,,11356505284.0,Mobile Phone,APPLE IPHONE 11 256GB 手機 紅色,APPLE,7299.0,-1.0,0.0,香港蘇寧,https://product.hksuning.com/0000000000/11356505284.html
,,11308814854.0,Mobile Phone,SAMSUNG TAB S6 LTE 6+128GB 平板電腦,SAMSUNG,6088.0,-1.0,0.0,香港蘇寧,https://product.hksuning.com/0000000000/11308814854.html
,,10584852176.0,Mobile Phone,APPLE IPHONE 8 PLUS 128GB 手機 銀色,APPLE,5291.02,-1.0,0.0,香港蘇寧,https://product.hksuning.com/0000000000/10584852176.html
,,10584852177.0,Mobile Phone,APPLE IPHONE 8 PLUS 128GB 手機 金色,APPLE,5291.02,-1.0,0.0,香港蘇寧,https://product.hksuning.com/0000000000/10584852177.html
,,11143482027.0,Mobile Phone,SAMSUNG GALAXY S10+ 手機 8+128GB 幻鑚銀,SAMSUNG,6398.0,-1.0,0.0,香港蘇寧,https://product.hksuning.com/0000000000/11143482027.html
,,10584849660.0,Mobile Phone,APPLE IPHONE 8 128GB 手機 金色,APPLE,4311.02,-1.0,0.0,香港蘇寧,https://product.hksuning.com/0000000000/10584849660.html
,,11026147276.0,Mobile Phone,SAMSUNG GALAXY A60 手機 6+128GB 橙色,SAMSUNG,2298.0,-1.0,0.0,香港蘇寧,https://product.hksuning.com/0000000000/11026147276.html
,,11020212653.0,Mobile Phone,HUAWEI P30 8+128GB智能手機 黑色,HUAWEI,4088.0,-1.0,0.0,香港蘇寧,https://product.hksuning.com/0000000000/11020212653.html
,,10584849663.0,Mobile Phone,APPLE IPHONE 8 PLUS 128GB 手機 太空灰,APPLE,5291.02,-1.0,0.0,香港蘇寧,https://product.hksuning.com/0000000000/10584849663.html
,,11020212654.0,Mobile Phone,HUAWEI P30 LITE 6+128GB 智能手機 黑色,HUAWEI,2388.0,-1.0,0.0,香港蘇寧,https://product.hksuning.com/0000000000/11020212654.html
,,10584849433.0,Mobile Phone,APPLE IPHONE XS MAX 512GB 手機 銀色,APPLE,11019.0,-1.0,0.0,香港蘇寧,https://product.hksuning.com/0000000000/10584849433.html
,,11356500068.0,Mobile Phone,APPLE IPHONE 11 64GB 手機 黑色,APPLE,5999.0,-1.0,0.0,香港蘇寧,https://product.hksuning.com/0000000000/11356500068.html
,,10584849209.0,Mobile Phone,APPLE IPHONE XS 256GB 手機 太空灰,APPLE,8644.05,-1.0,0.0,香港蘇寧,https://product.hksuning.com/0000000000/10584849209.html
,,10584849613.0,Mobile Phone,APPLE IPHONE 11 PRO MAX 256GB 手機 金色,APPLE,10799.0,-1.0,0.0,香港蘇寧,https://product.hksuning.com/0000000000/10584849613.html
,,11356505269.0,Mobile Phone,APPLE IPHONE 11 128GB 手機 黑色,APPLE,6499.0,-1.0,0.0,香港蘇寧,https://product.hksuning.com/0000000000/11356505269.html
,,10584849617.0,Mobile Phone,APPLE IPHONE 11 PRO MAX 512GB 手機 太空灰,APPLE,12499.0,-1.0,0.0,香港蘇寧,https://product.hksuning.com/0000000000/10584849617.html
,,11039060812.0,Mobile Phone,SAMSUNG GALAXY A70 手機 6+128GB 黑色,SAMSUNG,2798.0,-1.0,0.0,香港蘇寧,https://product.hksuning.com/0000000000/11039060812.html
,,11356505294.0,Mobile Phone,APPLE IPHONE 11 PRO 64GB 手機 銀色,APPLE,8599.0,-1.0,0.0,香港蘇寧,https://product.hksuning.com/0000000000/11356505294.html
,,11356505298.0,Mobile Phone,APPLE IPHONE 11 PRO 64GB 手機 午夜綠色,APPLE,8599.0,-1.0,0.0,香港蘇寧,https://product.hksuning.com/0000000000/11356505298.html
,,11356500073.0,Mobile Phone,APPLE IPHONE 11 64GB 手機 黃色,APPLE,5999.0,-1.0,0.0,香港蘇寧,https://product.hksuning.com/0000000000/11356500073.html
,,11356500075.0,Mobile Phone,APPLE IPHONE 11 64GB 手機 紫色,APPLE,5999.0,-1.0,0.0,香港蘇寧,https://product.hksuning.com/0000000000/11356500075.html
,,11356505334.0,Mobile Phone,APPLE IPHONE 11 PRO MAX 64GB 手機 金色,APPLE,9499.0,-1.0,0.0,香港蘇寧,https://product.hksuning.com/0000000000/11356505334.html
,,11356505274.0,Mobile Phone,APPLE IPHONE 11 128GB 手機 黃色,APPLE,6499.0,-1.0,0.0,香港蘇寧,https://product.hksuning.com/0000000000/11356505274.html
,,11356505277.0,Mobile Phone,APPLE IPHONE 11 128GB 手機 紫色,APPLE,6499.0,-1.0,0.0,香港蘇寧,https://product.hksuning.com/0000000000/11356505277.html
,,11356505287.0,Mobile Phone,APPLE IPHONE 11 256GB 手機 黃色,APPLE,7299.0,-1.0,0.0,香港蘇寧,https://product.hksuning.com/0000000000/11356505287.html
,,11356505288.0,Mobile Phone,APPLE IPHONE 11 256GB 手機 紫色,APPLE,7299.0,-1.0,0.0,香港蘇寧,https://product.hksuning.com/0000000000/11356505288.html
,,11356505289.0,Mobile Phone,APPLE IPHONE 11 256GB 手機 綠色,APPLE,7299.0,-1.0,0.0,香港蘇寧,https://product.hksuning.com/0000000000/11356505289.html
,,11356500069.0,Mobile Phone,APPLE IPHONE 11 64GB 手機 白色,APPLE,5999.0,-1.0,0.0,香港蘇寧,https://product.hksuning.com/0000000000/11356500069.html
,,11356505266.0,Mobile Phone,APPLE IPHONE 11 64GB 手機 綠色,APPLE,5999.0,-1.0,0.0,香港蘇寧,https://product.hksuning.com/0000000000/11356505266.html
,,11362693468.0,Mobile Phone,HUAWEI P30 PRO 8+256GB 手機 薰衣草,HUAWEI,5988.0,-1.0,0.0,香港蘇寧,https://product.hksuning.com/0000000000/11362693468.html
,,11356505293.0,Mobile Phone,APPLE IPHONE 11 PRO 64GB 手機 太空灰,APPLE,8599.0,-1.0,0.0,香港蘇寧,https://product.hksuning.com/0000000000/11356505293.html
,,11356505297.0,Mobile Phone,APPLE IPHONE 11 PRO 64GB 手機 金色,APPLE,8599.0,-1.0,0.0,香港蘇寧,https://product.hksuning.com/0000000000/11356505297.html
