Index,product_index,product_type,product_name,prodect_brand,price,avg_rating,total_comment,seller,website
0,10964124069,Tablet,APPLE IPAD AIR 10.5 64GB WIFI GOLD MUUL2ZP/A 平板電腦,APPLE,3699.0,0.0,216,香港蘇寧,https://product.hksuning.com/0000000000/10964124069.html
1,10964145615,Tablet,APPLE IPAD MINI 2019 64GB WIFI SPACE GREY MUQW2ZP/A 平板電腦,APPLE,2988.0,0.0,203,香港蘇寧,https://product.hksuning.com/0000000000/10964145615.html
2,10555865475,Tablet,Apple iPad Pro 12.9 1TB Wi-Fi Space Gray MTFR2ZP/A 平板電腦,Apple,12499.0,0.0,5,香港蘇寧,https://product.hksuning.com/0000000000/10555865475.html
3,11359867696,Tablet,Apple iPad 10.2 Wifi 32GB Space Gray MW742ZP/A 平板電腦,Apple,2599.0,-1.0,0,香港蘇寧,https://product.hksuning.com/0000000000/11359867696.html
4,10964145617,Tablet,APPLE IPAD MINI 2019 64GB WIFI SILVER MUQX2ZP/A 平板電腦,APPLE,2988.0,0.0,194,香港蘇寧,https://product.hksuning.com/0000000000/10964145617.html
5,11359867697,Tablet,Apple iPad 10.2 Wifi 32GB Silver MW752ZP/A 平板電腦,Apple,2599.0,-1.0,0,香港蘇寧,https://product.hksuning.com/0000000000/11359867697.html
6,11359867698,Tablet,Apple iPad 10.2 Wifi 32GB Gold MW762ZP/A 平板電腦,Apple,2599.0,-1.0,0,香港蘇寧,https://product.hksuning.com/0000000000/11359867698.html
7,11359867699,Tablet,Apple iPad 10.2 Wifi 128GB SpaceGray MW772ZP/A 平板電腦,Apple,3399.0,-1.0,0,香港蘇寧,https://product.hksuning.com/0000000000/11359867699.html
8,11359867700,Tablet,Apple iPad 10.2 Wifi 128GB Silver MW782ZP/A 平板電腦,Apple,3399.0,-1.0,0,香港蘇寧,https://product.hksuning.com/0000000000/11359867700.html
9,11359867701,Tablet,Apple iPad 10.2 WIifi 128GB Gold MW792ZP/A 平板電腦,Apple,3399.0,-1.0,0,香港蘇寧,https://product.hksuning.com/0000000000/11359867701.html
10,10964124098,Tablet,APPLE IPAD AIR 10.5 256GB WIFI SPACE GREY MUUQ2ZP/A 平板電腦,APPLE,4699.0,0.0,147,香港蘇寧,https://product.hksuning.com/0000000000/10964124098.html
11,10818305892,Tablet,Microsoft Surface Pro 6 (Core i5/ 256GB/ 8GB RAM),Microsoft,9988.0,0.0,105,香港蘇寧,https://product.hksuning.com/0000000000/10818305892.html
12,10964145765,Tablet,APPLE IPAD MINI 2019 256GB 4G SILVER MUXD2ZP/A 平板電腦,APPLE,4899.0,0.0,35,香港蘇寧,https://product.hksuning.com/0000000000/10964145765.html
13,10964145620,Tablet,APPLE IPAD MINI 2019 64GB WIFI GOLD MUQY2ZP/A 平板電腦,APPLE,2988.0,0.0,313,香港蘇寧,https://product.hksuning.com/0000000000/10964145620.html
14,10964145627,Tablet,APPLE IPAD MINI 2019 256GB WIFI SPACE GREY MUU32ZP/A 平板電腦,APPLE,3988.0,0.0,96,香港蘇寧,https://product.hksuning.com/0000000000/10964145627.html
15,10964145656,Tablet,APPLE IPAD MINI 2019 256GB WIFI GOLD MUU62ZP/A 平板電腦,APPLE,3988.0,0.0,129,香港蘇寧,https://product.hksuning.com/0000000000/10964145656.html
16,10717774549,Tablet,AMAZON ALL KINDLE PAPERWHITE 4TH GEN 32GB 黑色 電子書,AMAZON,1388.0,0.0,18,香港蘇寧,https://product.hksuning.com/0000000000/10717774549.html
17,10394995121,Tablet,Apple iPad (2018) Wi-Fi + Cellular 32GB MR6P2ZP/A 銀色,Apple,3288.0,0.0,66,香港蘇寧,https://product.hksuning.com/0000000000/10394995121.html
18,10964145632,Tablet,APPLE IPAD MINI 2019 256GB WIFI SILVER MUU52ZP/A 平板電腦,APPLE,3988.0,0.0,82,香港蘇寧,https://product.hksuning.com/0000000000/10964145632.html
19,10555863478,Tablet,Apple iPad Pro 12.9 64GB 4G Space Gray MTHJ2ZP/A 平板電腦,Apple,8199.0,0.0,24,香港蘇寧,https://product.hksuning.com/0000000000/10555863478.html
20,10555862151,Tablet,Apple iPad Pro 12.9 64GB 4G Silver MTHP2ZP/A 平板電腦,Apple,8199.0,0.0,10,香港蘇寧,https://product.hksuning.com/0000000000/10555862151.html
21,10555566560,Tablet,Apple iPad Pro 11 512GB 4G Silver MU1M2ZP/A 平板電腦,Apple,9199.0,0.0,13,香港蘇寧,https://product.hksuning.com/0000000000/10555566560.html
22,10964145699,Tablet,APPLE IPAD MINI 2019 256GB 4G SPACE GREY MUXC2ZP/A,APPLE,4999.0,0.0,73,香港蘇寧,https://product.hksuning.com/0000000000/10964145699.html
23,10555846917,Tablet,Apple iPad Pro 12.9 256GB 4G Space Gray MTHV2ZP/A 平板電腦,Apple,9199.0,0.0,48,香港蘇寧,https://product.hksuning.com/0000000000/10555846917.html
24,10555868338,Tablet,Apple iPad Pro 12.9 64GB Wi-Fi Space Gray MTEL2ZP/A 平板電腦,Apple,7199.0,0.0,60,香港蘇寧,https://product.hksuning.com/0000000000/10555868338.html
25,10555805676,Tablet,Apple iPad Pro 11 512GB Wi-Fi Space Gray MTXT2ZP/A 平板電腦,Apple,8199.0,0.0,41,香港蘇寧,https://product.hksuning.com/0000000000/10555805676.html
26,10555866892,Tablet,Apple iPad Pro 12.9 256GB Wi-Fi Silver MTFN2ZP/A 平板電腦,Apple,8199.0,0.0,120,香港蘇寧,https://product.hksuning.com/0000000000/10555866892.html
27,10964124185,Tablet,APPLE IPAD AIR 10.5 256GB WIFI GOLD MUUT2ZP/A 平板電腦,APPLE,4699.0,0.0,111,香港蘇寧,https://product.hksuning.com/0000000000/10964124185.html
28,10964124018,Tablet,APPLE IPAD AIR 10.5 64GB WIFI SPACE GREY MUUJ2ZP/A 平板電腦,APPLE,3699.0,0.0,286,香港蘇寧,https://product.hksuning.com/0000000000/10964124018.html
29,10580223964,Tablet,Microsoft Surface Go (Intel 4415Y/64GB/4GB RAM),Microsoft,3188.0,0.0,186,香港蘇寧,https://product.hksuning.com/0000000000/10580223964.html
30,10964124188,Tablet,APPLE IPAD AIR 10.5 64GB 4G SPACE GREY MV0D2ZP/A 平板電腦,APPLE,4599.0,0.0,23,香港蘇寧,https://product.hksuning.com/0000000000/10964124188.html
31,615437999,Tablet,微軟 (Microsoft) Surface Book Performance Base (i7/16GB/512GB),微軟,21688.0,0.0,58,香港蘇寧,https://product.hksuning.com/0000000000/615437999.html
32,10555845879,Tablet,Apple iPad Pro 12.9 256GB 4G Silver MTJ62ZP/A 平板電腦,Apple,9199.0,-1.0,0,香港蘇寧,https://product.hksuning.com/0000000000/10555845879.html
33,10580223969,Tablet,Microsoft Surface Go (Intel 4415Y/128GB/8GB RAM),Microsoft,4288.0,0.0,436,香港蘇寧,https://product.hksuning.com/0000000000/10580223969.html
34,10580992866,Tablet,AMAZON KINDLE PAPERWHITE HD WIFI 4GB WHITE 電子書,AMAZON,1599.0,0.0,14,香港蘇寧,https://product.hksuning.com/0000000000/10580992866.html
35,10555867679,Tablet,Apple iPad Pro 12.9 64GB Wi-Fi Silver MTEM2ZP/A 平板電腦,Apple,7199.0,0.0,28,香港蘇寧,https://product.hksuning.com/0000000000/10555867679.html
36,10818305893,Tablet,Microsoft Surface Pro 6 (Core i5/ 256GB/8GB RAM),Microsoft,9988.0,0.0,324,香港蘇寧,https://product.hksuning.com/0000000000/10818305893.html
37,10964145679,Tablet,APPLE IPAD MINI 2019 64GB 4G SPACE GREY MUX52ZP/A 平板電腦,APPLE,3888.0,0.0,86,香港蘇寧,https://product.hksuning.com/0000000000/10964145679.html
38,10576193971,Tablet,Microsoft Surface Pro i5/128GB/8GB RAM/ Signature Cover Bundle (Platinum）手提電腦,Microsoft,7888.0,0.0,375,香港蘇寧,https://product.hksuning.com/0000000000/10576193971.html
39,10964124138,Tablet,APPLE IPAD AIR 10.5 256GB WI-FI SILVER MUUR2ZP/A 平板電腦,APPLE,4699.0,0.0,117,香港蘇寧,https://product.hksuning.com/0000000000/10964124138.html
40,10964145768,Tablet,APPLE IPAD MINI 2019 256GB 4G GOLD MUXE2ZP/A 平板電腦,APPLE,4899.0,-1.0,0,香港蘇寧,https://product.hksuning.com/0000000000/10964145768.html
41,10555867477,Tablet,Apple iPad Pro 12.9 512GB Wi-Fi Space Gray MTFP2ZP/A 平板電腦,Apple,9699.0,0.0,33,香港蘇寧,https://product.hksuning.com/0000000000/10555867477.html
42,10964145562,Tablet,APPLE IPAD AIR 10.5 256GB 4G SPACE GREY MV0N2ZP/A 平板電腦,APPLE,5488.0,0.0,40,香港蘇寧,https://product.hksuning.com/0000000000/10964145562.html
43,10555566928,Tablet,Apple iPad Pro 11 512GB 4G Space Gray MU1F2ZP/A 平板電腦,Apple,9199.0,0.0,29,香港蘇寧,https://product.hksuning.com/0000000000/10555566928.html
44,10395357178,Tablet,Apple iPad (2018) Wi-Fi 128GB MRJP2ZP/A 金色,Apple,3088.0,0.0,503,香港蘇寧,https://product.hksuning.com/0000000000/10395357178.html
45,10395189998,Tablet,Apple iPad (2018) Wi-Fi 128GB MR7K2ZP/A 銀色,Apple,3088.0,0.0,481,香港蘇寧,https://product.hksuning.com/0000000000/10395189998.html
46,10395360561,Tablet,Apple iPad (2018) Wi-Fi + Cellular 128GB MRM22ZP/A 金,Apple,3988.0,0.0,199,香港蘇寧,https://product.hksuning.com/0000000000/10395360561.html
48,10395120260,Tablet,Apple iPad (2018) Wi-Fi + Cellular 128GB MR732ZP/A 銀色,Apple,3988.0,-1.0,0,香港蘇寧,https://product.hksuning.com/0000000000/10395120260.html
49,10555786341,Tablet,Apple iPad Pro 11 256GB Wi-Fi Silver MTXR2ZP/A 平板電腦,Apple,6799.0,0.0,385,香港蘇寧,https://product.hksuning.com/0000000000/10555786341.html
50,10578795276,Tablet,MICROSOFT KLJ-00008 SP I5/8GB/256GB W/PLAT COVER BUNDLE 連鍵盤 電腦套裝,MICROSOFT,9488.0,0.0,308,香港蘇寧,https://product.hksuning.com/0000000000/10578795276.html
51,10964124022,Tablet,APPLE IPAD AIR 10.5 64GB WIFI SILVER MUUK2ZP/A 平板電腦,APPLE,3699.0,0.0,212,香港蘇寧,https://product.hksuning.com/0000000000/10964124022.html
53,10717774544,Tablet,AMAZON ALL KINDLE PAPERWHITE 4TH GEN 8GB 黑色 電子書,AMAZON,1699.0,0.0,14,香港蘇寧,https://product.hksuning.com/0000000000/10717774544.html
54,10555851024,Tablet,Apple iPad Pro 12.9 512GB 4G Silver MTJJ2ZP/A 平板電腦,Apple,10629.0,0.0,5,香港蘇寧,https://product.hksuning.com/0000000000/10555851024.html
56,10555861888,Tablet,Apple iPad Pro 12.9 512GB 4G Space Gray MTJD2ZP/A 平板電腦,Apple,10629.0,0.0,11,香港蘇寧,https://product.hksuning.com/0000000000/10555861888.html
57,10964145683,Tablet,APPLE IPAD MINI 2019 64GB 4G SILVER MUX62ZP/A 平板電腦,APPLE,3888.0,0.0,53,香港蘇寧,https://product.hksuning.com/0000000000/10964145683.html
58,10964145600,Tablet,APPLE IPAD AIR 10.5 256GB 4G GOLD MV0Q2ZP/A 平板電腦,APPLE,5499.0,0.0,39,香港蘇寧,https://product.hksuning.com/0000000000/10964145600.html
59,10555754413,Tablet,Apple iPad Pro 11 1TB Wi-Fi Silver MTXW2ZP/A 平板電腦,Apple,11079.0,0.0,4,香港蘇寧,https://product.hksuning.com/0000000000/10555754413.html
60,10555823651,Tablet,Apple iPad Pro 11 64GB Wi-Fi Space Gray MTXN2ZP/A 平板電腦,Apple,5799.0,-1.0,0,香港蘇寧,https://product.hksuning.com/0000000000/10555823651.html
61,10555867395,Tablet,Apple iPad Pro 12.9 512GB Wi-Fi Silver MTFQ2ZP/A 平板電腦,Apple,9699.0,0.0,23,香港蘇寧,https://product.hksuning.com/0000000000/10555867395.html
62,10964145688,Tablet,APPLE IPAD MINI 2019 64GB 4G GOLD MUX72ZP/A 平板電腦,APPLE,3949.0,0.0,82,香港蘇寧,https://product.hksuning.com/0000000000/10964145688.html
63,10555572829,Tablet,Apple iPad Pro 11 64GB 4G Space Gray MU0M2ZP/A 平板電腦,Apple,6799.0,0.0,43,香港蘇寧,https://product.hksuning.com/0000000000/10555572829.html
64,10395181893,Tablet,Apple iPad (2018) Wi-Fi 128GB MR7J2ZP/A 太空灰,Apple,3088.0,-1.0,0,香港蘇寧,https://product.hksuning.com/0000000000/10395181893.html
65,10395359640,Tablet,Apple iPad (2018) Wi-Fi + Cellular 32GB MRM02ZP/A 金色,Apple,3338.0,0.0,87,香港蘇寧,https://product.hksuning.com/0000000000/10395359640.html
66,10555803878,Tablet,Apple iPad Pro 11 512GB Wi-Fi Silver MTXU2ZP/A 平板電腦,Apple,8199.0,0.0,16,香港蘇寧,https://product.hksuning.com/0000000000/10555803878.html
67,10394984583,Tablet,Apple iPad (2018) Wi-Fi + Cellular 32GB MR6N2ZP/A 太空灰,Apple,3288.0,0.0,59,香港蘇寧,https://product.hksuning.com/0000000000/10394984583.html
68,10964124236,Tablet,APPLE IPAD AIR 10.5 64GB 4G GOLD MV0F2ZP/A 平板電腦,APPLE,4488.0,0.0,16,香港蘇寧,https://product.hksuning.com/0000000000/10964124236.html
69,10964145573,Tablet,APPLE IPAD AIR 10.5 256GB 4G SILVER MV0P2ZP/A 平板電腦,APPLE,5488.0,0.0,35,香港蘇寧,https://product.hksuning.com/0000000000/10964145573.html
70,10555567339,Tablet,Apple iPad Pro 11 64GB 4G Silver MU0U2ZP/A 平板電腦,Apple,6799.0,0.0,12,香港蘇寧,https://product.hksuning.com/0000000000/10555567339.html
71,10818316793,Tablet,Microsoft Surface Pro 6 (Core i5/ 128GB/ 8GB RAM),Microsoft,7288.0,0.0,291,香港蘇寧,https://product.hksuning.com/0000000000/10818316793.html
72,10395156079,Tablet,Apple iPad (2018) Wi-Fi 32GB MR7G2ZP/A 銀色,Apple,2428.0,0.0,436,香港蘇寧,https://product.hksuning.com/0000000000/10395156079.html
73,10395130356,Tablet,Apple iPad (2018) Wi-Fi 32GB MR7F2ZP/A 太空灰,Apple,2428.0,0.0,438,香港蘇寧,https://product.hksuning.com/0000000000/10395130356.html
74,10555817857,Tablet,Apple iPad Pro 11 64GB Wi-Fi Silver MTXP2ZP/A 平板電腦,Apple,5799.0,0.0,130,香港蘇寧,https://product.hksuning.com/0000000000/10555817857.html
75,10555802003,Tablet,Apple iPad Pro 11 256GB Wi-Fi Space Gray MTXQ2ZP/A 平板電腦,Apple,6799.0,0.0,508,香港蘇寧,https://product.hksuning.com/0000000000/10555802003.html
76,10395197204,Tablet,Apple iPad (2018) Wi-Fi 32GB MRJN2ZP/A 金色,Apple,2428.0,-1.0,0,香港蘇寧,https://product.hksuning.com/0000000000/10395197204.html
77,10964124211,Tablet,APPLE IPAD AIR 10.5 64GB 4G SILVER MV0E2ZP/A 平板電腦,APPLE,4599.0,0.0,16,香港蘇寧,https://product.hksuning.com/0000000000/10964124211.html
78,10395109300,Tablet,Apple iPad (2018) Wi-Fi + Cellular 128GB MR722ZP/A 太空灰,Apple,3948.0,0.0,133,香港蘇寧,https://product.hksuning.com/0000000000/10395109300.html
79,11359867692,Tablet,Apple iPad 10.2 4G 32GB Gold MW6D2ZP/A 平板電腦,Apple,3599.0,-1.0,0,香港蘇寧,https://product.hksuning.com/0000000000/11359867692.html
80,10748851001,Laptop,FUJITSU E558K503B 15.6'' i5 256GB SSD MADE IN JAPAN 手提電腦,FUJITSU,9998.0,0.0,9,香港蘇寧,https://product.hksuning.com/0000000000/10748851001.html
81,10574070923,Laptop,Apple Macbook Pro 13 with Touch Bar 1.4GHz I5 128GB Space Gray MUHN2ZP/A 手提電腦,Apple,10399.0,0.0,34,香港蘇寧,https://product.hksuning.com/0000000000/10574070923.html
82,11241444386,Laptop,ASUS ZenBook S UX391UA-BP8515E Notebook 手提電腦,ASUS,8998.0,0.0,3,香港蘇寧,https://product.hksuning.com/0000000000/11241444386.html
83,10555857393,Laptop,APPLE Macbook 12 1.2GHz M3 256GB Gold MRQN2ZP/A 手提電腦,APPLE,9288.0,0.0,40,香港蘇寧,https://product.hksuning.com/0000000000/10555857393.html
84,624902233,Laptop,Apple Macbook 12 1.3GHz i5 512GB Silver MNYJ2ZP/A 手提電腦,Apple,11088.0,0.0,73,香港蘇寧,https://product.hksuning.com/0000000000/624902233.html
85,10592156838,Laptop,Apple Macbook Pro with Touch Bar 13 2.4GHz I5 256GB Silver MV992ZP/A 手提電腦,Apple,13399.0,0.0,15,香港蘇寧,https://product.hksuning.com/0000000000/10592156838.html
86,624902175,Laptop,Apple Macbook 12 1.3GHz i5 512GB Space Gray MNYG2ZP/A 手提電腦,Apple,11088.0,0.0,114,香港蘇寧,https://product.hksuning.com/0000000000/624902175.html
87,10555859590,Laptop,Apple Macbook 12 1.3GHz I5 512GB Gold MRQP2ZP/A 手提電腦,Apple,11088.0,0.0,13,香港蘇寧,https://product.hksuning.com/0000000000/10555859590.html
88,10574063711,Laptop,Apple Macbook Air 13 1.6GHz I5 256GB Space Gray MVFJ2ZP/A 手提電腦,Apple,10399.0,0.0,21,香港蘇寧,https://product.hksuning.com/0000000000/10574063711.html
89,10574051410,Laptop,Apple Macbook Air 13 1.6GHz I5 128GB Space Gray MVFH2ZP/A 手提電腦,Apple,8899.0,0.0,10,香港蘇寧,https://product.hksuning.com/0000000000/10574051410.html
90,10574072528,Laptop,Apple Macbook Pro 13 with Touch Bar 1.4GHz i5 128GB Silver MUHQ2ZP/A 手提電腦,Apple,10399.0,0.0,12,香港蘇寧,https://product.hksuning.com/0000000000/10574072528.html
91,10574071838,Laptop,Apple Macbook Pro 13 with Touch Bar 1.4GHz I5 Space Gray MUHP2ZP/A 手提電腦,Apple,11899.0,0.0,52,香港蘇寧,https://product.hksuning.com/0000000000/10574071838.html
92,10964123899,Laptop,Apple Macbook Pro with Touch Bar 13 2.4GHz I5 256GB Space Gray MV962ZP/A 手提電腦,Apple,13535.0,0.0,79,香港蘇寧,https://product.hksuning.com/0000000000/10964123899.html
93,624902250,Laptop,Apple MacBook Air 13'' 1.8GHz i5 128GB 手提電腦,Apple,7038.0,0.0,408,香港蘇寧,https://product.hksuning.com/0000000000/624902250.html
94,624902167,Laptop,Apple MacBook Pro 13 2.3GHz i5 256GB 手提電腦,Apple,10798.0,0.0,484,香港蘇寧,https://product.hksuning.com/0000000000/624902167.html
95,10555840092,Laptop,APPLE Macbook Pro Touch Bar 15'' 2.2GHz i7 256GB Space Gray MR932ZP/A 手提電腦,APPLE,16688.0,0.0,109,香港蘇寧,https://product.hksuning.com/0000000000/10555840092.html
96,11322412881,Laptop,ASUS Laptop X407MA-AS4011T notebook手提電腦,ASUS,2998.0,0.0,10,香港蘇寧,https://product.hksuning.com/0000000000/11322412881.html
97,10555843999,Laptop,Apple Macbook Pro BAR 15 2.6GHz i7 512GB Silver MR972ZP/A 手提電腦,Apple,18988.0,0.0,63,香港蘇寧,https://product.hksuning.com/0000000000/10555843999.html
98,10748851002,Laptop,FUJITSU E548K501B 14'' i5 256GB SSD MADE IN JAPAN 手提電腦,FUJITSU,8998.0,0.0,2,香港蘇寧,https://product.hksuning.com/0000000000/10748851002.html
99,10555846102,Laptop,APPLE Macbook Pro Touch Bar 13 2.3GHz i5 512GB Space Gray MR9R2ZP/A 手提電腦,APPLE,14188.0,0.0,224,香港蘇寧,https://product.hksuning.com/0000000000/10555846102.html
100,612739286,Laptop,雷蛇 (RAZER) Blade (B6NT/W10/FHD/i7/16GB/256GB SSD) 電競級遊戲筆記本,雷蛇,15999.0,0.0,13,香港蘇寧,https://product.hksuning.com/0000000000/612739286.html
101,10613855369,Laptop,DELL Inspiron 14-5480 R1500-S-W10 14'' i5 256SSD 手提電腦,DELL,6799.0,0.0,320,香港蘇寧,https://product.hksuning.com/0000000000/10613855369.html
102,10970237102,Laptop,HUAWEI MateBook 13 i5/8GB/256GB/深空灰 手提電腦,HUAWEI,6998.0,0.0,64,香港蘇寧,https://product.hksuning.com/0000000000/10970237102.html
103,10162752130,Laptop,FUJITSU U537K703B NB i7 13.3''黑色 手提電腦,FUJITSU,6998.0,0.0,9,香港蘇寧,https://product.hksuning.com/0000000000/10162752130.html
104,10555863231,Laptop,Apple Macbook Air 13 1.6GHz I5 128GB Gold MREE2ZP/A 手提電腦,Apple,8929.0,0.0,179,香港蘇寧,https://product.hksuning.com/0000000000/10555863231.html
105,765126282,Laptop,DELL Inspiron 15-5570 15L-R1740-S-W10 i7 256GB 手提電腦,DELL,7599.0,0.0,459,香港蘇寧,https://product.hksuning.com/0000000000/765126282.html
106,10780284796,Laptop,LENOVO Ideapad 330S-15ARR 81FB00C5HH 手提電腦,LENOVO,6998.0,0.0,130,香港蘇寧,https://product.hksuning.com/0000000000/10780284796.html
107,624902234,Laptop,Apple MacBook 12 MNYK2ZP/A（金色）,Apple,9388.0,-1.0,0,香港蘇寧,https://product.hksuning.com/0000000000/624902234.html
108,10964123826,Laptop,Apple Macbook Pro with Touch Bar 15 2.6GHz I7 256GB Silver MV922ZP/A 手提電腦,Apple,17859.0,0.0,7,香港蘇寧,https://product.hksuning.com/0000000000/10964123826.html
109,10574052648,Laptop,Apple Macbook Air 13 1.6GHz I5 128GB Silver MVFK2ZP/A 手提電腦,Apple,8899.0,0.0,12,香港蘇寧,https://product.hksuning.com/0000000000/10574052648.html
110,10574024404,Laptop,HUAWEI MATEBOOK X PRO i7/16GB/512GB/GREY,HUAWEI,14988.0,0.0,157,香港蘇寧,https://product.hksuning.com/0000000000/10574024404.html
111,10574051200,Laptop,Apple Macbook Air 13 1.6GHz I5 256GB Space Gray MRE92ZP/A 手提電腦,Apple,10339.0,0.0,258,香港蘇寧,https://product.hksuning.com/0000000000/10574051200.html
112,10574067139,Laptop,Apple Macbook Air 13 1.6GHz I5 128GB Gold MVFM2ZP/A 手提電腦,Apple,8899.0,0.0,21,香港蘇寧,https://product.hksuning.com/0000000000/10574067139.html
113,10555841085,Laptop,Apple MacBook Pro 15 2.6GHz i7 512GB 手提電腦,Apple,18988.0,0.0,128,香港蘇寧,https://product.hksuning.com/0000000000/10555841085.html
114,10605109620,Laptop,SAMSUNG NOTEBOOK 9 ALWAYS 15'' 256GB SSD NP900X5T-K01HK 手提電腦,SAMSUNG,9788.0,0.0,4,香港蘇寧,https://product.hksuning.com/0000000000/10605109620.html
115,10883983076,Laptop,ACER Aspire 3 A315-53G-57HF 15.6'' 手提電腦,ACER,5498.0,0.0,103,香港蘇寧,https://product.hksuning.com/0000000000/10883983076.html
116,10964123852,Laptop,Apple Macbook Pro with Touch Bar 15 2.3GHz I9 512GB Silver MV932ZP/A 手提電腦,Apple,20679.0,0.0,24,香港蘇寧,https://product.hksuning.com/0000000000/10964123852.html
117,10883983078,Laptop,DELL Inspiron 15 3583 i7 256GB Black Ins3583-R1720-B-W10 手提電腦,DELL,6399.0,0.0,142,香港蘇寧,https://product.hksuning.com/0000000000/10883983078.html
118,10555864883,Laptop,Apple Macbook Air 13 1.6GHz I5 256GB Gold MREF2ZP/A 手提電腦,Apple,10339.0,-1.0,0,香港蘇寧,https://product.hksuning.com/0000000000/10555864883.html
119,10964123793,Laptop,Apple Macbook Pro with Touch Bar 15 2.6GHz I7 256GB Space Gray MV902ZP/A 手提電腦,Apple,17099.0,0.0,41,香港蘇寧,https://product.hksuning.com/0000000000/10964123793.html
120,10555848714,Laptop,APPLE MACBOOK PRO TOUCH BAR 13'' 2.3GHz i5 256GB Silver MR9U2ZP/A 手提電腦,APPLE,12888.0,0.0,178,香港蘇寧,https://product.hksuning.com/0000000000/10555848714.html
121,10555863878,Laptop,Apple Macbook Air 13 1.6GHz I5 128GB Silver MREA2ZP/A 手提電腦,Apple,8929.0,0.0,116,香港蘇寧,https://product.hksuning.com/0000000000/10555863878.html
122,11194736884,Laptop,Asus VivoBook14 X420FA-SS8202T Notebook 手提電腦,Asus,6498.0,0.0,18,香港蘇寧,https://product.hksuning.com/0000000000/11194736884.html
123,612739294,Laptop,雷蛇 (RAZER) Blade B6NT/W10/FHD/i7/16GB/1TB SSD 電競級遊戲筆記本,雷蛇,17599.0,0.0,36,香港蘇寧,https://product.hksuning.com/0000000000/612739294.html
124,10591752875,Laptop,LENOVO Ideapad 330-15ICH 手提電腦,LENOVO,6498.0,0.0,88,香港蘇寧,https://product.hksuning.com/0000000000/10591752875.html
125,10555843051,Laptop,Apple Macbook Pro BAR 15 2.2GHz i7 256GB Sliver MR962ZP/A 手提電腦,Apple,16688.0,0.0,65,香港蘇寧,https://product.hksuning.com/0000000000/10555843051.html
126,10605103653,Laptop,SAMSUNG NOTEBOOK 9 ALWAYS 13.3'' 256GB SSD NP900X3T-K01HK 手提電腦,SAMSUNG,7390.0,0.0,6,香港蘇寧,https://product.hksuning.com/0000000000/10605103653.html
127,10605103654,Laptop,SAMSUNG NOTEBOOK 9 ALWAYS 13.3'' 256 GB SSD NP900X3T-K02HK 手提電腦,SAMSUNG,11480.0,0.0,6,香港蘇寧,https://product.hksuning.com/0000000000/10605103654.html
128,10964123807,Laptop,Apple Macbook Pro with Touch Bar 15 2.3GHz I9 512GB Space Gray MV912ZP/A 手提電腦,Apple,20679.0,0.0,61,香港蘇寧,https://product.hksuning.com/0000000000/10964123807.html
129,10555852823,Laptop,APPLE Macbook Pro Touch Bar 13 2.3GHz i5 512GB Silver MR9V2ZP/A 手提電腦,APPLE,14188.0,0.0,103,香港蘇寧,https://product.hksuning.com/0000000000/10555852823.html
130,10605103655,Laptop,SAMSUNG NOTEBOOK 9 ALWAYS 13.3'' 512GB SSD NP900X3T-K03HK 手提電腦,SAMSUNG,13480.0,0.0,9,香港蘇寧,https://product.hksuning.com/0000000000/10605103655.html
131,10592156842,Laptop,Apple Macbook Pro with Touch Bar 13 2.4GHz I5 512GB Silver MV9A2ZP/A 手提電腦,Apple,14945.0,0.0,27,香港蘇寧,https://product.hksuning.com/0000000000/10592156842.html
132,10605103656,Laptop,SAMSUNG NOTEBOOK 9 ALWAYS 15'' 256GB SSD NP900X5T-K02HK手提電腦,SAMSUNG,10980.0,0.0,6,香港蘇寧,https://product.hksuning.com/0000000000/10605103656.html
133,10586160964,Laptop,ACER SF114-32-C9R3 NX.GXVCF.001 14'' 128GB SSD手提電腦,ACER,4798.0,0.0,174,香港蘇寧,https://product.hksuning.com/0000000000/10586160964.html
134,193709290,Laptop,聯想 (LENOVO) ThinkPad T460s 14吋i7 20F9A044HH 企業級超輕薄電腦,聯想,13388.0,0.0,107,香港蘇寧,https://product.hksuning.com/0000000000/193709290.html
135,624902159,Laptop,Apple MacBook Pro 13 2.3GHz i5 128GB 手提電腦,Apple,9388.0,0.0,466,香港蘇寧,https://product.hksuning.com/0000000000/624902159.html
136,10574064814,Laptop,Apple Macbook Air 13 1.6GHz I5 256GB Silver MVFL2ZP/A 手提電腦,Apple,10399.0,0.0,10,香港蘇寧,https://product.hksuning.com/0000000000/10574064814.html
137,11269697063,Laptop,ASUS VivoBook S406UA-AS8202E Notebook 手提電腦,ASUS,5498.0,0.0,8,香港蘇寧,https://product.hksuning.com/0000000000/11269697063.html
138,10574068768,Laptop,Apple Macbook Air 13 1.6GHz I5 256GB Gold MVFN2ZP/A 手提電腦,Apple,10399.0,0.0,20,香港蘇寧,https://product.hksuning.com/0000000000/10574068768.html
139,694759712,Laptop,RAZER BLADE STEALTH 13.3 I7/16GB/512GB RZ09-01963E32-R341 遊戲手提電腦,RAZER,13999.0,0.0,2,香港蘇寧,https://product.hksuning.com/0000000000/694759712.html
140,10964123956,Laptop,Apple Macbook Pro with Touch Bar 13 2.4GHz I5 512GB Space Gray MV972ZP/A 手提電腦,Apple,14945.0,0.0,74,香港蘇寧,https://product.hksuning.com/0000000000/10964123956.html
141,10970331810,Laptop,HUAWEI MATEBOOK13 I7/8GB/512GB/GREY 手提電腦,HUAWEI,8198.0,0.0,145,香港蘇寧,https://product.hksuning.com/0000000000/10970331810.html
142,10555845058,Laptop,Apple MacBook Pro 13 2.3GHz i5 256GB 手提電腦,Apple,12888.0,0.0,389,香港蘇寧,https://product.hksuning.com/0000000000/10555845058.html
143,624902161,Laptop,Apple Macbook Pro 13 2.3GHz i5 128GB Silver MPXR2ZP/A,Apple,9388.0,0.0,401,香港蘇寧,https://product.hksuning.com/0000000000/624902161.html
144,624902162,Laptop,Apple MacBook Pro 13 2.3GHz i5 256GB 手提電腦,Apple,10798.0,0.0,453,香港蘇寧,https://product.hksuning.com/0000000000/624902162.html
145,675174484,Laptop,HP PAVILION GAMING 15 手提電腦,HP,11999.0,0.0,14,香港蘇寧,https://product.hksuning.com/0000000000/675174484.html
146,10594811399,Mobile Phone,LG K11+ 智能手機 藍色,LG,1598.0,0.0,16,香港蘇寧,https://product.hksuning.com/0000000000/10594811399.html
147,10903483769,Mobile Phone,SAMSUNG GALAXY S10 智能手機 8+512GB 幻鑽黑,SAMSUNG,6698.0,0.0,79,香港蘇寧,https://product.hksuning.com/0000000000/10903483769.html
148,11008663850,Mobile Phone,HONOR View 20 8+256GB 智能手機 幻影藍,HONOR,3499.0,0.0,3,香港蘇寧,https://product.hksuning.com/0000000000/11008663850.html
149,10594811400,Mobile Phone,LG K11+ 智能手機 金色,LG,1598.0,0.0,13,香港蘇寧,https://product.hksuning.com/0000000000/10594811400.html
150,11356500071,Mobile Phone,APPLE IPHONE 11 64GB 手機 紅色,APPLE,5999.0,-1.0,0,香港蘇寧,https://product.hksuning.com/0000000000/11356500071.html
151,11314878283,Mobile Phone,SAMSUNG Note10 手機 8GB+256GB 幻光,SAMSUNG,6998.0,0.0,19,香港蘇寧,https://product.hksuning.com/0000000000/11314878283.html
152,11356505301,Mobile Phone,APPLE IPHONE 11 PRO 256GB 手機 太空灰,APPLE,9899.0,-1.0,0,香港蘇寧,https://product.hksuning.com/0000000000/11356505301.html
153,10748547461,Mobile Phone,NOKIA 8.1 智能手機 鋼銀色,NOKIA,1999.0,0.0,30,香港蘇寧,https://product.hksuning.com/0000000000/10748547461.html
154,10877830653,Mobile Phone,NOKIA 9 PUREVIEW 手機 藍色,NOKIA,3998.0,0.0,37,香港蘇寧,https://product.hksuning.com/0000000000/10877830653.html
155,11356505303,Mobile Phone,APPLE IPHONE 11 PRO 256GB 手機 銀色,APPLE,9899.0,-1.0,0,香港蘇寧,https://product.hksuning.com/0000000000/11356505303.html
156,10674060098,Mobile Phone,HUAWEI MATE 20 PRO 手機 綠色,HUAWEI,5988.0,0.0,490,香港蘇寧,https://product.hksuning.com/0000000000/10674060098.html
157,10584849441,Mobile Phone,APPLE IPHONE XR 64GB 手機 紅色,APPLE,5199.0,0.0,458,香港蘇寧,https://product.hksuning.com/0000000000/10584849441.html
158,10903483880,Mobile Phone,SAMSUNG GALAXY S10 智能手機 8+128GB 幻鑽黑,SAMSUNG,5298.0,0.0,501,香港蘇寧,https://product.hksuning.com/0000000000/10903483880.html
159,10674060100,Mobile Phone,HUAWEI MATE 20 PRO 手機 極光色,HUAWEI,5988.0,0.0,504,香港蘇寧,https://product.hksuning.com/0000000000/10674060100.html
160,10903483881,Mobile Phone,SAMSUNG GALAXY S10 智能手機 8+128GB 幻鑽綠,SAMSUNG,5298.0,0.0,447,香港蘇寧,https://product.hksuning.com/0000000000/10903483881.html
161,11020212664,Mobile Phone,HUAWEI P30 LITE 6+128GB 智能手機 藍色,HUAWEI,2388.0,0.0,384,香港蘇寧,https://product.hksuning.com/0000000000/11020212664.html
162,11356505306,Mobile Phone,APPLE IPHONE 11 PRO 256GB 手機 金色,APPLE,9899.0,-1.0,0,香港蘇寧,https://product.hksuning.com/0000000000/11356505306.html
163,11020212665,Mobile Phone,HUAWEI P30 LITE 6+128GB 智能手機 白色,HUAWEI,2388.0,0.0,176,香港蘇寧,https://product.hksuning.com/0000000000/11020212665.html
164,11314878289,Mobile Phone,SAMSUNG Note10 手機 8GB+256GB 幻白,SAMSUNG,6998.0,0.0,9,香港蘇寧,https://product.hksuning.com/0000000000/11314878289.html
165,11356505307,Mobile Phone,APPLE IPHONE 11 PRO 256GB 手機 午夜綠色,APPLE,9899.0,-1.0,0,香港蘇寧,https://product.hksuning.com/0000000000/11356505307.html
166,10584849444,Mobile Phone,APPLE IPHONE XR 64GB 手機 黃色,APPLE,5199.0,0.0,96,香港蘇寧,https://product.hksuning.com/0000000000/10584849444.html
167,10584849382,Mobile Phone,APPLE IPHONE XS MAX 256GB 手機 金色,APPLE,9199.0,0.0,509,香港蘇寧,https://product.hksuning.com/0000000000/10584849382.html
168,10584849445,Mobile Phone,APPLE IPHONE XR 64GB 手機 橙色,APPLE,5199.0,0.0,182,香港蘇寧,https://product.hksuning.com/0000000000/10584849445.html
169,11308814750,Mobile Phone,SAMSUNG TAB S6 WIFI 6+128GB 平板電腦,SAMSUNG,5488.0,0.0,2,香港蘇寧,https://product.hksuning.com/0000000000/11308814750.html
170,10584849215,Mobile Phone,APPLE IPHONE XS 256GB 手機 金色,APPLE,8644.05,0.0,504,香港蘇寧,https://product.hksuning.com/0000000000/10584849215.html
171,10584849446,Mobile Phone,APPLE IPHONE XR 64GB 手機 藍色,APPLE,5199.0,0.0,261,香港蘇寧,https://product.hksuning.com/0000000000/10584849446.html
172,11362841977,Mobile Phone,HUAWEI NOVA 5T 手機 蘇音藍,HUAWEI,3088.0,-1.0,0,香港蘇寧,https://product.hksuning.com/0000000000/11362841977.html
173,10903483949,Mobile Phone,SAMSUNG GALAXY S10E 智能手機 6+128GB 幻鑽黑,SAMSUNG,4698.0,0.0,194,香港蘇寧,https://product.hksuning.com/0000000000/10903483949.html
174,11116894797,Mobile Phone,SAMSUNG SM-T510NZKETGY TAB A 10.1 平板電腦 黑色,SAMSUNG,1888.0,0.0,126,香港蘇寧,https://product.hksuning.com/0000000000/11116894797.html
175,10880925011,Mobile Phone,HUAWE Y7 PRO 2019 智能手機 黑色,HUAWE,1188.0,0.0,59,香港蘇寧,https://product.hksuning.com/0000000000/10880925011.html
176,11008663653,Mobile Phone,HONOR View 20 6+128GB 智能手機 魅海藍,HONOR,3499.0,-1.0,0,香港蘇寧,https://product.hksuning.com/0000000000/11008663653.html
177,11356505270,Mobile Phone,APPLE IPHONE 11 128GB 手機 白色,APPLE,6499.0,-1.0,0,香港蘇寧,https://product.hksuning.com/0000000000/11356505270.html
178,10880925012,Mobile Phone,HUAWEI Y7 PRO 2019 智能手機 藍色,HUAWEI,1188.0,0.0,57,香港蘇寧,https://product.hksuning.com/0000000000/10880925012.html
179,10903483741,Mobile Phone,SAMSUNG GALAXY S10+ 智能手機8+128GB 幻鑽白,SAMSUNG,6398.0,0.0,500,香港蘇寧,https://product.hksuning.com/0000000000/10903483741.html
180,10584849156,Mobile Phone,APPLE IPHONE XS 64GB 手機 太空灰,APPLE,7409.0,0.0,456,香港蘇寧,https://product.hksuning.com/0000000000/10584849156.html
181,10584849219,Mobile Phone,APPLE IPHONE XS 512GB 手機 太空灰,APPLE,10799.0,0.0,86,香港蘇寧,https://product.hksuning.com/0000000000/10584849219.html
182,10584849534,Mobile Phone,APPLE IPHONE XR 256GB 手機 黑色,APPLE,6499.0,0.0,473,香港蘇寧,https://product.hksuning.com/0000000000/10584849534.html
183,10880925013,Mobile Phone,HUAWEI Y7 PRO 2019 智能手機 紅色,HUAWEI,1188.0,0.0,39,香港蘇寧,https://product.hksuning.com/0000000000/10880925013.html
184,10903483742,Mobile Phone,SAMSUNG GALAXY S10+ 智能手機 8+128GB 幻鑽黑,SAMSUNG,6098.0,0.0,500,香港蘇寧,https://product.hksuning.com/0000000000/10903483742.html
185,11008663718,Mobile Phone,HONOR View 20 6+128GB 智能手機 幻夜黑,HONOR,3499.0,0.0,5,香港蘇寧,https://product.hksuning.com/0000000000/11008663718.html
186,11356505273,Mobile Phone,APPLE IPHONE 11 128GB 手機 紅色,APPLE,6499.0,-1.0,0,香港蘇寧,https://product.hksuning.com/0000000000/11356505273.html
187,11356505336,Mobile Phone,APPLE IPHONE 11 PRO MAX 256GB 手機 太空灰,APPLE,10799.0,0.0,1,香港蘇寧,https://product.hksuning.com/0000000000/11356505336.html
188,10584849620,Mobile Phone,APPLE IPHONE 11 PRO MAX 512GB 手機 銀色,APPLE,12499.0,-1.0,0,香港蘇寧,https://product.hksuning.com/0000000000/10584849620.html
189,10586383778,Mobile Phone,SAMSUNG GALAXY NOTE 9 512GB 手機 藍色,SAMSUNG,7312.0,0.0,216,香港蘇寧,https://product.hksuning.com/0000000000/10586383778.html
190,10584849307,Mobile Phone,APPLE IPHONE XS MAX 64GB 手機 太空灰,APPLE,8169.0,0.0,451,香港蘇寧,https://product.hksuning.com/0000000000/10584849307.html
191,10586383779,Mobile Phone,SAMSUNG GALAXY NOTE 9 512GB 手機紫色,SAMSUNG,7312.24,0.0,151,香港蘇寧,https://product.hksuning.com/0000000000/10586383779.html
192,10903483746,Mobile Phone,SAMSUNG GALAXY S10+ 智能手機 8+128GB 幻鑽綠,SAMSUNG,6098.0,0.0,491,香港蘇寧,https://product.hksuning.com/0000000000/10903483746.html
193,11193559937,Mobile Phone,SAMSUNG GALAXY A80 手機 8+128GB 魅光白,SAMSUNG,4098.0,0.0,7,香港蘇寧,https://product.hksuning.com/0000000000/11193559937.html
194,10584849539,Mobile Phone,APPLE IPHONE XR 256GB 手機 白色,APPLE,6499.0,0.0,413,香港蘇寧,https://product.hksuning.com/0000000000/10584849539.html
195,10584849623,Mobile Phone,APPLE IPHONE 11 PRO MAX 512GB 手機 金色,APPLE,12499.0,-1.0,0,香港蘇寧,https://product.hksuning.com/0000000000/10584849623.html
196,10584849624,Mobile Phone,APPLE IPHONE 11 PRO MAX 512GB 手機 午夜綠色,APPLE,12499.0,-1.0,0,香港蘇寧,https://product.hksuning.com/0000000000/10584849624.html
197,10548430151,Mobile Phone,LG G7 手機 64GB 藍色,LG,4398.0,0.0,18,香港蘇寧,https://product.hksuning.com/0000000000/10548430151.html
198,11026147262,Mobile Phone,VIVO Y91C 手機 黑,VIVO,1098.0,0.0,149,香港蘇寧,https://product.hksuning.com/0000000000/11026147262.html
199,10580005239,Mobile Phone,SAMSUNG SM-T835CZKLTGY BLACK TAB S4 256GB LTE【蘇寧9周年】,SAMSUNG,6288.0,0.0,27,香港蘇寧,https://product.hksuning.com/0000000000/10580005239.html
200,11228763764,Mobile Phone,SAMSUNG T290 GALAXY TAB A 8 32GB WIFI,SAMSUNG,988.0,0.0,57,香港蘇寧,https://product.hksuning.com/0000000000/11228763764.html
201,10584849629,Mobile Phone,APPLE IPHONE 8 128GB 手機 太空灰,APPLE,4311.02,-1.0,0,香港蘇寧,https://product.hksuning.com/0000000000/10584849629.html
202,11308814872,Mobile Phone,SAMSUNG TAB S6 WIFI 8+256GB 平板電腦,SAMSUNG,6188.0,0.0,4,香港蘇寧,https://product.hksuning.com/0000000000/11308814872.html
203,11314864616,Mobile Phone,SAMSUNG Note10+ 手機 12GB+512GB 幻黑,SAMSUNG,8998.0,0.0,35,香港蘇寧,https://product.hksuning.com/0000000000/11314864616.html
204,11314878266,Mobile Phone,SAMSUNG Note10 手機 8GB+256GB 幻黑,SAMSUNG,6998.0,0.0,12,香港蘇寧,https://product.hksuning.com/0000000000/11314878266.html
205,10583408737,Mobile Phone,HUAWEI NOVA 3I 手機 黑色,HUAWEI,1788.0,0.0,408,香港蘇寧,https://product.hksuning.com/0000000000/10583408737.html
206,10787520774,Mobile Phone,HUAWEI Y9 2019 智能手機 藍色,HUAWEI,1688.0,0.0,393,香港蘇寧,https://product.hksuning.com/0000000000/10787520774.html
207,11308814874,Mobile Phone,SAMSUNG TAB S6 LTE 8+256GB 平板電腦,SAMSUNG,6788.0,-1.0,0,香港蘇寧,https://product.hksuning.com/0000000000/11308814874.html
208,10583408739,Mobile Phone,HUAWEI NOVA 3I 手機 紫色,HUAWEI,1788.0,0.0,441,香港蘇寧,https://product.hksuning.com/0000000000/10583408739.html
209,11020212646,Mobile Phone,HUAWEI P30 PRO 8+256GB 智能手機 黑色,HUAWEI,5498.0,0.0,501,香港蘇寧,https://product.hksuning.com/0000000000/11020212646.html
210,10676500810,Mobile Phone,SAMSUNG GALAXY J4+ 手機 2+32GB 黑色,SAMSUNG,1208.0,0.0,339,香港蘇寧,https://product.hksuning.com/0000000000/10676500810.html
211,11356505310,Mobile Phone,APPLE IPHONE 11 PRO 512GB 手機 銀色,APPLE,11599.0,-1.0,0,香港蘇寧,https://product.hksuning.com/0000000000/11356505310.html
212,11020212648,Mobile Phone,HUAWEI P30 PRO 8+256GB 智能手機 天空之境,HUAWEI,5498.0,0.0,500,香港蘇寧,https://product.hksuning.com/0000000000/11020212648.html
213,11314864580,Mobile Phone,SAMSUNG Note10+ 手機 12GB+256GB 幻光,SAMSUNG,7998.0,0.0,120,香港蘇寧,https://product.hksuning.com/0000000000/11314864580.html
214,11356505311,Mobile Phone,APPLE IPHONE 11 PRO 512GB 手機 金色,APPLE,11599.0,-1.0,0,香港蘇寧,https://product.hksuning.com/0000000000/11356505311.html
215,11356511086,Mobile Phone,APPLE IPHONE 11 PRO 512GB 手機 太空灰,APPLE,11599.0,-1.0,0,香港蘇寧,https://product.hksuning.com/0000000000/11356511086.html
216,601497811,Mobile Phone,HUAWEI MATE9 GRAPHITE BLACK MATE9 PRO,HUAWEI,5888.0,0.0,496,香港蘇寧,https://product.hksuning.com/0000000000/601497811.html
217,10695152159,Mobile Phone,HUAWEI Y9 2019 智能手機 黑色,HUAWEI,1688.0,0.0,423,香港蘇寧,https://product.hksuning.com/0000000000/10695152159.html
218,10903483866,Mobile Phone,SAMSUNG GALAXY S10 智能手機 8+128GB 幻鑽白,SAMSUNG,5548.0,0.0,500,香港蘇寧,https://product.hksuning.com/0000000000/10903483866.html
219,10952218503,Mobile Phone,VIVO V15 PRO 手機 藍色,VIVO,2998.0,0.0,127,香港蘇寧,https://product.hksuning.com/0000000000/10952218503.html
220,11356505312,Mobile Phone,APPLE IPHONE 11 PRO 512GB 手機 午夜綠色,APPLE,11599.0,-1.0,0,香港蘇寧,https://product.hksuning.com/0000000000/11356505312.html
221,11356511087,Mobile Phone,APPLE IPHONE 11 PRO MAX 256GB 手機 銀色,APPLE,10799.0,-1.0,0,香港蘇寧,https://product.hksuning.com/0000000000/11356511087.html
222,11362693362,Mobile Phone,HUAWEI P30 PRO 8+256GB 手機 神秘蓝,HUAWEI,5498.0,-1.0,0,香港蘇寧,https://product.hksuning.com/0000000000/11362693362.html
223,10584849659,Mobile Phone,APPLE IPHONE 8 128GB 手機 銀色,APPLE,4311.02,-1.0,0,香港蘇寧,https://product.hksuning.com/0000000000/10584849659.html
224,11356505313,Mobile Phone,APPLE IPHONE 11 PRO MAX 64GB 手機 太空灰,APPLE,9499.0,-1.0,0,香港蘇寧,https://product.hksuning.com/0000000000/11356505313.html
225,11228763880,Mobile Phone,SAMSUNG SM-T295C GALAXY TAB A 8 32GB LTE 银色,SAMSUNG,1388.0,0.0,2,香港蘇寧,https://product.hksuning.com/0000000000/11228763880.html
226,11356505314,Mobile Phone,APPLE IPHONE 11 PRO MAX 64GB 手機 銀色,APPLE,9499.0,-1.0,0,香港蘇寧,https://product.hksuning.com/0000000000/11356505314.html
227,690402405,Mobile Phone,MEIZU PRO 7 PLUS M793H 手機 黑色,MEIZU,1799.0,0.0,30,香港蘇寧,https://product.hksuning.com/0000000000/690402405.html
228,10612390263,Mobile Phone,VIVO V11 手機 夜空黑,VIVO,1839.0,0.0,281,香港蘇寧,https://product.hksuning.com/0000000000/10612390263.html
229,11314878297,Mobile Phone,SAMSUNG Note10+ 手機 12GB+256GB 幻黑,SAMSUNG,7998.0,0.0,103,香港蘇寧,https://product.hksuning.com/0000000000/11314878297.html
230,11362841982,Mobile Phone,HUAWEI NOVA 5T 手機 仲夏紫,HUAWEI,3088.0,-1.0,0,香港蘇寧,https://product.hksuning.com/0000000000/11362841982.html
231,690402406,Mobile Phone,MEIZU PRO 7 PLUS M793H 手機 太空黑,MEIZU,1799.0,0.0,21,香港蘇寧,https://product.hksuning.com/0000000000/690402406.html
232,10860882500,Mobile Phone,HUAWEI NOVA 4 智能手機 藍色,HUAWEI,2588.0,0.0,500,香港蘇寧,https://product.hksuning.com/0000000000/10860882500.html
233,10584849161,Mobile Phone,APPLE IPHONE XS 64GB 手機 銀色,APPLE,7409.0,0.0,383,香港蘇寧,https://product.hksuning.com/0000000000/10584849161.html
234,10705443171,Mobile Phone,SAMSUNG GALAXY A9 8+128GB 手機 藍色,SAMSUNG,3198.0,0.0,245,香港蘇寧,https://product.hksuning.com/0000000000/10705443171.html
235,10952538741,Mobile Phone,SAMSUNG GALAXY TAB S5E 6+128GB WIFI 平板電腦 銀色,SAMSUNG,3888.0,0.0,143,香港蘇寧,https://product.hksuning.com/0000000000/10952538741.html
236,10584849540,Mobile Phone,APPLE IPHONE XR 256GB 手機 (PRODUCT)RED,APPLE,6499.0,0.0,385,香港蘇寧,https://product.hksuning.com/0000000000/10584849540.html
237,10586383781,Mobile Phone,SAMSUNG GALAXY NOTE 9 128GB 手機 藍色,SAMSUNG,5556.12,0.0,424,香港蘇寧,https://product.hksuning.com/0000000000/10586383781.html
238,11362846166,Mobile Phone,HUAWEI NOVA 5T 手機 亮黑色,HUAWEI,3088.0,-1.0,0,香港蘇寧,https://product.hksuning.com/0000000000/11362846166.html
239,10584849457,Mobile Phone,APPLE IPHONE XR 128GB 手機 黑色,APPLE,5699.0,0.0,510,香港蘇寧,https://product.hksuning.com/0000000000/10584849457.html
240,10586383782,Mobile Phone,SAMSUNG GALAXY NOTE 9 128GB 手機 黑色,SAMSUNG,5556.12,0.0,379,香港蘇寧,https://product.hksuning.com/0000000000/10586383782.html
241,10676500905,Mobile Phone,SAMSUNG GALAXY A7 手機 4+128GB 粉色,SAMSUNG,2498.0,0.0,311,香港蘇寧,https://product.hksuning.com/0000000000/10676500905.html
242,10586383783,Mobile Phone,SAMSUNG GALAXY NOTE 9 128GB 手機 紫色,SAMSUNG,5556.12,0.0,271,香港蘇寧,https://product.hksuning.com/0000000000/10586383783.html
243,10584849312,Mobile Phone,APPLE IPHONE XS MAX 64GB 手機 銀色,APPLE,8169.0,-1.0,0,香港蘇寧,https://product.hksuning.com/0000000000/10584849312.html
244,11356505282,Mobile Phone,APPLE IPHONE 11 256GB 手機 黑色,APPLE,7299.0,-1.0,0,香港蘇寧,https://product.hksuning.com/0000000000/11356505282.html
245,10584849251,Mobile Phone,APPLE IPHONE XS 512GB 手機 銀色,APPLE,10799.0,0.0,49,香港蘇寧,https://product.hksuning.com/0000000000/10584849251.html
246,10612565854,Mobile Phone,VIVO V11 手機 紫色,VIVO,1839.0,0.0,231,香港蘇寧,https://product.hksuning.com/0000000000/10612565854.html
247,11356505283,Mobile Phone,APPLE IPHONE 11 256GB 手機 白色,APPLE,7299.0,-1.0,0,香港蘇寧,https://product.hksuning.com/0000000000/11356505283.html
248,10584849315,Mobile Phone,APPLE IPHONE XS MAX 64GB 手機 金色,APPLE,8169.0,0.0,504,香港蘇寧,https://product.hksuning.com/0000000000/10584849315.html
249,11191799765,Mobile Phone,華為/HUAWEI Y9 Prime 2019 手機 寶石藍,華為/HUAWEI,1888.0,0.0,335,香港蘇寧,https://product.hksuning.com/0000000000/11191799765.html
250,11356505284,Mobile Phone,APPLE IPHONE 11 256GB 手機 紅色,APPLE,7299.0,-1.0,0,香港蘇寧,https://product.hksuning.com/0000000000/11356505284.html
251,10584849318,Mobile Phone,APPLE IPHONE XS MAX 256GB 手機 太空灰,APPLE,9199.0,0.0,506,香港蘇寧,https://product.hksuning.com/0000000000/10584849318.html
252,11308814854,Mobile Phone,SAMSUNG TAB S6 LTE 6+128GB 平板電腦,SAMSUNG,6088.0,-1.0,0,香港蘇寧,https://product.hksuning.com/0000000000/11308814854.html
253,11026147271,Mobile Phone,SAMSUNG GALAXY A40S 手機 6+64GB 黑色,SAMSUNG,1898.0,0.0,218,香港蘇寧,https://product.hksuning.com/0000000000/11026147271.html
254,10532528362,Mobile Phone,HUAWEI M5-8-GD GOLD M5 TABLET,HUAWEI,2780.0,0.0,412,香港蘇寧,https://product.hksuning.com/0000000000/10532528362.html
255,10584852176,Mobile Phone,APPLE IPHONE 8 PLUS 128GB 手機 銀色,APPLE,5291.02,-1.0,0,香港蘇寧,https://product.hksuning.com/0000000000/10584852176.html
256,10569646283,Mobile Phone,MOTOROLA MOTO G6 PLUS 手機 黑色,MOTOROLA,2199.0,0.0,7,香港蘇寧,https://product.hksuning.com/0000000000/10569646283.html
258,10584852177,Mobile Phone,APPLE IPHONE 8 PLUS 128GB 手機 金色,APPLE,5291.02,-1.0,0,香港蘇寧,https://product.hksuning.com/0000000000/10584852177.html
259,10620163685,Mobile Phone,HUAWEI M5 LITE MEDIA PAD,HUAWEI,2380.0,0.0,373,香港蘇寧,https://product.hksuning.com/0000000000/10620163685.html
260,10719285049,Mobile Phone,SAMSUNG GALAXY NOTE 9 128GB 手機 白色,SAMSUNG,5556.12,0.0,45,香港蘇寧,https://product.hksuning.com/0000000000/10719285049.html
261,11314864622,Mobile Phone,SAMSUNG Note10+ 手機 12GB+512GB 幻光,SAMSUNG,8998.0,0.0,39,香港蘇寧,https://product.hksuning.com/0000000000/11314864622.html
262,11026147274,Mobile Phone,SAMSUNG6+128GB GALAXY A60 智能手機 黑色,SAMSUNG6+128GB,2298.0,0.0,419,香港蘇寧,https://product.hksuning.com/0000000000/11026147274.html
263,11143482027,Mobile Phone,SAMSUNG GALAXY S10+ 手機 8+128GB 幻鑚銀,SAMSUNG,6398.0,-1.0,0,香港蘇寧,https://product.hksuning.com/0000000000/11143482027.html
264,11193559889,Mobile Phone,SAMSUNG GALAXY A80 手機 8+128GB 魅影黑,SAMSUNG,4098.0,0.0,27,香港蘇寧,https://product.hksuning.com/0000000000/11193559889.html
265,10583408744,Mobile Phone,HUAWEI NOVA 3I 手機 白色,HUAWEI,1788.0,0.0,420,香港蘇寧,https://product.hksuning.com/0000000000/10583408744.html
266,10584849281,Mobile Phone,APPLE IPHONE XS 512GB 手機 金色,APPLE,10799.0,0.0,83,香港蘇寧,https://product.hksuning.com/0000000000/10584849281.html
267,10584849660,Mobile Phone,APPLE IPHONE 8 128GB 手機 金色,APPLE,4311.02,-1.0,0,香港蘇寧,https://product.hksuning.com/0000000000/10584849660.html
268,11020212651,Mobile Phone,HUAWEI P30 8+128GB智能手機 天空之境,HUAWEI,4088.0,0.0,502,香港蘇寧,https://product.hksuning.com/0000000000/11020212651.html
269,11026147276,Mobile Phone,SAMSUNG GALAXY A60 手機 6+128GB 橙色,SAMSUNG,2298.0,-1.0,0,香港蘇寧,https://product.hksuning.com/0000000000/11026147276.html
270,10584849430,Mobile Phone,APPLE IPHONE XS MAX 512GB 手機 太空灰,APPLE,11019.0,0.0,489,香港蘇寧,https://product.hksuning.com/0000000000/10584849430.html
271,11020212652,Mobile Phone,HUAWEI P30 8+128GB 智能手機 極光色,HUAWEI,4088.0,0.0,500,香港蘇寧,https://product.hksuning.com/0000000000/11020212652.html
272,11020212653,Mobile Phone,HUAWEI P30 8+128GB智能手機 黑色,HUAWEI,4088.0,-1.0,0,香港蘇寧,https://product.hksuning.com/0000000000/11020212653.html
273,10584849663,Mobile Phone,APPLE IPHONE 8 PLUS 128GB 手機 太空灰,APPLE,5291.02,-1.0,0,香港蘇寧,https://product.hksuning.com/0000000000/10584849663.html
274,11020212654,Mobile Phone,HUAWEI P30 LITE 6+128GB 智能手機 黑色,HUAWEI,2388.0,-1.0,0,香港蘇寧,https://product.hksuning.com/0000000000/11020212654.html
275,10584849433,Mobile Phone,APPLE IPHONE XS MAX 512GB 手機 銀色,APPLE,11019.0,-1.0,0,香港蘇寧,https://product.hksuning.com/0000000000/10584849433.html
276,10676511066,Mobile Phone,SAMSUNG GALAXY A7 手機 4+128GB 黑色,SAMSUNG,2498.0,0.0,334,香港蘇寧,https://product.hksuning.com/0000000000/10676511066.html
277,10859217499,Mobile Phone,LENOVO K520 S5 4+64GB 手機 黑色,LENOVO,1399.0,0.0,5,香港蘇寧,https://product.hksuning.com/0000000000/10859217499.html
278,11356500068,Mobile Phone,APPLE IPHONE 11 64GB 手機 黑色,APPLE,5999.0,-1.0,0,香港蘇寧,https://product.hksuning.com/0000000000/11356500068.html
279,10524360588,Mobile Phone,VIVO X21 手機 黑色,VIVO,2998.0,0.0,239,香港蘇寧,https://product.hksuning.com/0000000000/10524360588.html
280,10584849373,Mobile Phone,APPLE IPHONE XS MAX 256GB 手機 銀色,APPLE,9199.0,0.0,504,香港蘇寧,https://product.hksuning.com/0000000000/10584849373.html
281,10584849436,Mobile Phone,APPLE IPHONE XS MAX 512GB 手機 金色,APPLE,11019.0,0.0,502,香港蘇寧,https://product.hksuning.com/0000000000/10584849436.html
282,10859217502,Mobile Phone,LENOVO L38011 K5 PLAY 3+32GB 手機 藍色,LENOVO,1099.0,0.0,8,香港蘇寧,https://product.hksuning.com/0000000000/10859217502.html
283,10859217502,Mobile Phone,LENOVO L38011 K5 PLAY 3+32GB 手機 藍色,LENOVO,1099.0,0.0,8,香港蘇寧,https://product.hksuning.com/0000000000/10859217502.html
284,10584849206,Mobile Phone,APPLE IPHONE XS 64GB 手機 金色,APPLE,7409.0,0.0,472,香港蘇寧,https://product.hksuning.com/0000000000/10584849206.html
285,10584849437,Mobile Phone,APPLE IPHONE XR 64GB 手機 黑色,APPLE,5199.0,0.0,507,香港蘇寧,https://product.hksuning.com/0000000000/10584849437.html
286,10584849438,Mobile Phone,APPLE IPHONE XR 64GB 手機 白色,APPLE,5199.0,0.0,459,香港蘇寧,https://product.hksuning.com/0000000000/10584849438.html
287,10584849522,Mobile Phone,APPLE IPHONE XR 128GB 手機 橙色,APPLE,5699.0,0.0,438,香港蘇寧,https://product.hksuning.com/0000000000/10584849522.html
288,10944549901,Mobile Phone,SAMSUNG TAB A 8 WIFI WITH S PEN 平板電腦 黑色,SAMSUNG,1888.0,0.0,63,香港蘇寧,https://product.hksuning.com/0000000000/10944549901.html
289,11136280253,Mobile Phone,VIVO Y17 手機 藍色,VIVO,1698.0,0.0,43,香港蘇寧,https://product.hksuning.com/0000000000/11136280253.html
290,10584849209,Mobile Phone,APPLE IPHONE XS 256GB 手機 太空灰,APPLE,8644.05,-1.0,0,香港蘇寧,https://product.hksuning.com/0000000000/10584849209.html
291,10944549906,Mobile Phone,SAMSUNG TAB A 8 LTE WITH S PEN 平板電腦 黑色,SAMSUNG,2488.0,0.0,44,香港蘇寧,https://product.hksuning.com/0000000000/10944549906.html
292,11136280258,Mobile Phone,VIVO Y17 手機 紫色,VIVO,1698.0,0.0,37,香港蘇寧,https://product.hksuning.com/0000000000/11136280258.html
293,10532526617,Mobile Phone,HUAWEI M5-PRO-10-GD GOLD M5 PRO TABLET,HUAWEI,3580.0,0.0,444,香港蘇寧,https://product.hksuning.com/0000000000/10532526617.html
294,10686527830,Mobile Phone,ALCATEL 5V 手機 黑色,ALCATEL,1399.0,0.0,14,香港蘇寧,https://product.hksuning.com/0000000000/10686527830.html
295,10584849613,Mobile Phone,APPLE IPHONE 11 PRO MAX 256GB 手機 金色,APPLE,10799.0,-1.0,0,香港蘇寧,https://product.hksuning.com/0000000000/10584849613.html
296,11197208554,Mobile Phone,SAMSUNG SM-T510NZDETGY TAB A 10.1 32GB WIFI 金色,SAMSUNG,1888.0,0.0,52,香港蘇寧,https://product.hksuning.com/0000000000/11197208554.html
297,10584534153,Mobile Phone,MOTOROLA MOTO E5 PLUS 手機 黑色,MOTOROLA,1529.0,0.0,11,香港蘇寧,https://product.hksuning.com/0000000000/10584534153.html
298,11356505269,Mobile Phone,APPLE IPHONE 11 128GB 手機 黑色,APPLE,6499.0,-1.0,0,香港蘇寧,https://product.hksuning.com/0000000000/11356505269.html
299,10584849617,Mobile Phone,APPLE IPHONE 11 PRO MAX 512GB 手機 太空灰,APPLE,12499.0,-1.0,0,香港蘇寧,https://product.hksuning.com/0000000000/10584849617.html
300,11039060812,Mobile Phone,SAMSUNG GALAXY A70 手機 6+128GB 黑色,SAMSUNG,2798.0,-1.0,0,香港蘇寧,https://product.hksuning.com/0000000000/11039060812.html
301,11191799773,Mobile Phone,華為/HUAWEI Y9 Prime 2019 手機 翡冷翠,華為/HUAWEI,1888.0,0.0,271,香港蘇寧,https://product.hksuning.com/0000000000/11191799773.html
302,10584849492,Mobile Phone,APPLE IPHONE XR 128GB 手機 白色,APPLE,5699.0,0.0,507,香港蘇寧,https://product.hksuning.com/0000000000/10584849492.html
303,11039060813,Mobile Phone,SAMSUNG GALAXY A70 手機 6+128GB 橙色,SAMSUNG,2798.0,0.0,306,香港蘇寧,https://product.hksuning.com/0000000000/11039060813.html
304,10584849493,Mobile Phone,APPLE IPHONE XR 128GB 手機 紅色,APPLE,5699.0,0.0,502,香港蘇寧,https://product.hksuning.com/0000000000/10584849493.html
305,11039060814,Mobile Phone,SAMSUNG GALAXY A70 手機 6+128GB 白色,SAMSUNG,2798.0,0.0,349,香港蘇寧,https://product.hksuning.com/0000000000/11039060814.html
306,11193559892,Mobile Phone,SAMSUNG GALAXY A80 手機 8+128GB 幻魅金,SAMSUNG,4098.0,0.0,34,香港蘇寧,https://product.hksuning.com/0000000000/11193559892.html
307,11356505294,Mobile Phone,APPLE IPHONE 11 PRO 64GB 手機 銀色,APPLE,8599.0,-1.0,0,香港蘇寧,https://product.hksuning.com/0000000000/11356505294.html
308,10584849494,Mobile Phone,APPLE IPHONE XR 128GB 手機 黃色,APPLE,5699.0,0.0,374,香港蘇寧,https://product.hksuning.com/0000000000/10584849494.html
309,11191646476,Mobile Phone,HUAWEI Y9 Prime 2019 手機 幻夜黑,HUAWEI,1888.0,0.0,219,香港蘇寧,https://product.hksuning.com/0000000000/11191646476.html
310,11314864607,Mobile Phone,SAMSUNG Note10+ 手機 12GB+256GB 幻白,SAMSUNG,7998.0,0.0,92,香港蘇寧,https://product.hksuning.com/0000000000/11314864607.html
311,11356505298,Mobile Phone,APPLE IPHONE 11 PRO 64GB 手機 午夜綠色,APPLE,8599.0,-1.0,0,香港蘇寧,https://product.hksuning.com/0000000000/11356505298.html
312,11356500073,Mobile Phone,APPLE IPHONE 11 64GB 手機 黃色,APPLE,5999.0,-1.0,0,香港蘇寧,https://product.hksuning.com/0000000000/11356500073.html
313,11356500075,Mobile Phone,APPLE IPHONE 11 64GB 手機 紫色,APPLE,5999.0,-1.0,0,香港蘇寧,https://product.hksuning.com/0000000000/11356500075.html
314,656160880,Mobile Phone,小米 (Mi) 紅米 Note 4X 64GB智能手機 玫瑰金色,小米,1399.0,0.0,70,香港蘇寧,https://product.hksuning.com/0000000000/656160880.html
315,11356505334,Mobile Phone,APPLE IPHONE 11 PRO MAX 64GB 手機 金色,APPLE,9499.0,-1.0,0,香港蘇寧,https://product.hksuning.com/0000000000/11356505334.html
316,11356505335,Mobile Phone,APPLE IPHONE 11 PRO MAX 64GB 手機 午夜綠色,APPLE,9499.0,0.0,2,香港蘇寧,https://product.hksuning.com/0000000000/11356505335.html
317,11356505274,Mobile Phone,APPLE IPHONE 11 128GB 手機 黃色,APPLE,6499.0,-1.0,0,香港蘇寧,https://product.hksuning.com/0000000000/11356505274.html
318,11008663596,Mobile Phone,SAMSUNG GALAXY A20 手機 3+32GB 橙色,SAMSUNG,1298.0,0.0,284,香港蘇寧,https://product.hksuning.com/0000000000/11008663596.html
319,11356505277,Mobile Phone,APPLE IPHONE 11 128GB 手機 紫色,APPLE,6499.0,-1.0,0,香港蘇寧,https://product.hksuning.com/0000000000/11356505277.html
320,11356505278,Mobile Phone,APPLE IPHONE 11 128GB 手機 綠色,APPLE,6499.0,0.0,1,香港蘇寧,https://product.hksuning.com/0000000000/11356505278.html
321,11026147265,Mobile Phone,VIVO Y91C 手機 藍色,VIVO,1098.0,0.0,129,香港蘇寧,https://product.hksuning.com/0000000000/11026147265.html
322,11020212649,Mobile Phone,HUAWEI P30 PRO 8+512GB 智能手機 極光色,HUAWEI,6398.0,0.0,501,香港蘇寧,https://product.hksuning.com/0000000000/11020212649.html
323,11356505287,Mobile Phone,APPLE IPHONE 11 256GB 手機 黃色,APPLE,7299.0,-1.0,0,香港蘇寧,https://product.hksuning.com/0000000000/11356505287.html
324,11356505288,Mobile Phone,APPLE IPHONE 11 256GB 手機 紫色,APPLE,7299.0,-1.0,0,香港蘇寧,https://product.hksuning.com/0000000000/11356505288.html
325,11356505289,Mobile Phone,APPLE IPHONE 11 256GB 手機 綠色,APPLE,7299.0,-1.0,0,香港蘇寧,https://product.hksuning.com/0000000000/11356505289.html
326,170114328,Mobile Phone,LG X POWER K220YAHKGBK BLACK 智能手機 黑色 2+16,LG,1098.0,0.0,250,香港蘇寧,https://product.hksuning.com/0000000000/170114328.html
327,11020212650,Mobile Phone,HUAWEI P30 PRO 8+512GB 智能手機 橙色,HUAWEI,6398.0,0.0,208,香港蘇寧,https://product.hksuning.com/0000000000/11020212650.html
328,11356500069,Mobile Phone,APPLE IPHONE 11 64GB 手機 白色,APPLE,5999.0,-1.0,0,香港蘇寧,https://product.hksuning.com/0000000000/11356500069.html
329,150843468,Mobile Phone,[限量1件]華為 (HUAWEI) P9 標準版 智能電話 月光銀,[限量1件]華為,3280.0,0.0,51,香港蘇寧,https://product.hksuning.com/0000000000/150843468.html
330,11356505266,Mobile Phone,APPLE IPHONE 11 64GB 手機 綠色,APPLE,5999.0,-1.0,0,香港蘇寧,https://product.hksuning.com/0000000000/11356505266.html
331,10578454629,Mobile Phone,GLOBAL PHONE 智能手機 藍色,GLOBAL,2688.0,0.0,2,香港蘇寧,https://product.hksuning.com/0000000000/10578454629.html
332,10584849529,Mobile Phone,APPLE IPHONE XR 128GB 手機 藍色,APPLE,5699.0,0.0,500,香港蘇寧,https://product.hksuning.com/0000000000/10584849529.html
333,10584849614,Mobile Phone,APPLE IPHONE 11 PRO MAX 256GB 手機 午夜綠色,APPLE,10799.0,0.0,2,香港蘇寧,https://product.hksuning.com/0000000000/10584849614.html
334,11362693468,Mobile Phone,HUAWEI P30 PRO 8+256GB 手機 薰衣草,HUAWEI,5988.0,-1.0,0,香港蘇寧,https://product.hksuning.com/0000000000/11362693468.html
335,11356505293,Mobile Phone,APPLE IPHONE 11 PRO 64GB 手機 太空灰,APPLE,8599.0,-1.0,0,香港蘇寧,https://product.hksuning.com/0000000000/11356505293.html
336,11039060815,Mobile Phone,SAMSUNG GALAXY A70 手機 8+128GB 黑色,SAMSUNG,2798.0,0.0,326,香港蘇寧,https://product.hksuning.com/0000000000/11039060815.html
337,11039060816,Mobile Phone,SAMSUNG GALAXY A70 手機 8+128GB 藍色,SAMSUNG,2798.0,0.0,247,香港蘇寧,https://product.hksuning.com/0000000000/11039060816.html
338,11356505297,Mobile Phone,APPLE IPHONE 11 PRO 64GB 手機 金色,APPLE,8599.0,-1.0,0,香港蘇寧,https://product.hksuning.com/0000000000/11356505297.html
339,10674060101,Mobile Phone,HUAWEI MATE 20 X 手機 藍色,HUAWEI,4988.0,0.0,505,香港蘇寧,https://product.hksuning.com/0000000000/10674060101.html
