,product_name,product_index,product_type,median_rates,mean_rates
0,APPLE IPHONE XS 64GB 手機 金色,10584849206.0,Mobile Phone,5.0,5.0
1,HUAWEI MATE 20 X 手機 藍色,10674060101.0,Mobile Phone,5.0,5.0
2,APPLE IPHONE XR 128GB 手機 黑色,10584849457.0,Mobile Phone,5.0,5.0
3,APPLE IPHONE XS MAX 256GB 手機 金色,10584849382.0,Mobile Phone,5.0,5.0
4,Apple iPad Pro 11 256GB Wi-Fi Space Gray MTXQ2ZP/A 平板電腦,10555802003.0,Tablet,5.0,5.0
5,APPLE IPHONE XR 128GB 手機 白色,10584849492.0,Mobile Phone,5.0,5.0
6,APPLE IPHONE XR 64GB 手機 黑色,10584849437.0,Mobile Phone,5.0,5.0
7,APPLE IPHONE XS MAX 256GB 手機 太空灰,10584849318.0,Mobile Phone,5.0,5.0
8,APPLE IPHONE XS MAX 256GB 手機 銀色,10584849373.0,Mobile Phone,5.0,5.0
9,APPLE IPHONE XS MAX 64GB 手機 金色,10584849315.0,Mobile Phone,5.0,5.0
10,APPLE IPHONE XS 256GB 手機 金色,10584849215.0,Mobile Phone,5.0,4.99
11,HUAWEI MATE 20 PRO 手機 極光色,10674060100.0,Mobile Phone,5.0,5.0
12,Apple iPad (2018) Wi-Fi 128GB MRJP2ZP/A 金色,10395357178.0,Tablet,5.0,4.99
13,APPLE IPHONE XS MAX 512GB 手機 金色,10584849436.0,Mobile Phone,5.0,4.99
14,HUAWEI P30 8+128GB智能手機 天空之境,11020212651.0,Mobile Phone,5.0,5.0
15,APPLE IPHONE XR 128GB 手機 紅色,10584849493.0,Mobile Phone,5.0,5.0
16,HUAWEI P30 PRO 8+256GB 智能手機 黑色,11020212646.0,Mobile Phone,5.0,5.0
17,SAMSUNG GALAXY S10 智能手機 8+128GB 幻鑽黑,10903483880.0,Mobile Phone,5.0,5.0
18,HUAWEI P30 PRO 8+512GB 智能手機 極光色,11020212649.0,Mobile Phone,5.0,5.0
19,SAMSUNG GALAXY S10+ 智能手機 8+128GB 幻鑽黑,10903483742.0,Mobile Phone,5.0,5.0
20,HUAWEI P30 8+128GB 智能手機 極光色,11020212652.0,Mobile Phone,5.0,5.0
21,APPLE IPHONE XR 128GB 手機 藍色,10584849529.0,Mobile Phone,5.0,5.0
22,HUAWEI P30 PRO 8+256GB 智能手機 天空之境,11020212648.0,Mobile Phone,5.0,5.0
23,SAMSUNG GALAXY S10 智能手機 8+128GB 幻鑽白,10903483866.0,Mobile Phone,5.0,5.0
24,SAMSUNG GALAXY S10+ 智能手機8+128GB 幻鑽白,10903483741.0,Mobile Phone,5.0,5.0
25,HUAWEI NOVA 4 智能手機 藍色,10860882500.0,Mobile Phone,5.0,5.0
26,HUAWEI MATE9 GRAPHITE BLACK MATE9 PRO,601497811.0,Mobile Phone,5.0,5.0
27,SAMSUNG GALAXY S10+ 智能手機 8+128GB 幻鑽綠,10903483746.0,Mobile Phone,5.0,5.0
28,HUAWEI MATE 20 PRO 手機 綠色,10674060098.0,Mobile Phone,5.0,5.0
29,APPLE IPHONE XS MAX 512GB 手機 太空灰,10584849430.0,Mobile Phone,5.0,5.0
30,Apple MacBook Pro 13 2.3GHz i5 256GB 手提電腦,624902167.0,Laptop,5.0,5.0
31,Apple iPad (2018) Wi-Fi 128GB MR7K2ZP/A 銀色,10395189998.0,Tablet,5.0,5.0
32,APPLE IPHONE XR 256GB 手機 黑色,10584849534.0,Mobile Phone,5.0,5.0
33,Apple MacBook Pro 13 2.3GHz i5 128GB 手提電腦,624902159.0,Laptop,5.0,5.0
34,DELL Inspiron 15-5570 15L-R1740-S-W10 i7 256GB 手提電腦,765126282.0,Laptop,5.0,5.0
35,APPLE IPHONE XR 64GB 手機 白色,10584849438.0,Mobile Phone,5.0,5.0
36,APPLE IPHONE XR 64GB 手機 紅色,10584849441.0,Mobile Phone,5.0,5.0
37,APPLE IPHONE XS 64GB 手機 太空灰,10584849156.0,Mobile Phone,5.0,5.0
38,Apple MacBook Pro 13 2.3GHz i5 256GB 手提電腦,624902162.0,Laptop,5.0,5.0
39,APPLE IPHONE XS MAX 64GB 手機 太空灰,10584849307.0,Mobile Phone,5.0,5.0
40,SAMSUNG GALAXY S10 智能手機 8+128GB 幻鑽綠,10903483881.0,Mobile Phone,5.0,5.0
41,HUAWEI M5-PRO-10-GD GOLD M5 PRO TABLET,10532526617.0,Mobile Phone,5.0,5.0
42,HUAWEI NOVA 3I 手機 紫色,10583408739.0,Mobile Phone,5.0,5.0
43,Apple iPad (2018) Wi-Fi 32GB MR7F2ZP/A 太空灰,10395130356.0,Tablet,5.0,5.0
44,APPLE IPHONE XR 128GB 手機 橙色,10584849522.0,Mobile Phone,5.0,5.0
45,Microsoft Surface Go (Intel 4415Y/128GB/8GB RAM),10580223969.0,Tablet,5.0,5.0
46,Apple iPad (2018) Wi-Fi 32GB MR7G2ZP/A 銀色,10395156079.0,Tablet,5.0,5.0
47,SAMSUNG GALAXY NOTE 9 128GB 手機 藍色,10586383781.0,Mobile Phone,5.0,5.0
48,HUAWEI Y9 2019 智能手機 黑色,10695152159.0,Mobile Phone,5.0,5.0
49,HUAWEI NOVA 3I 手機 白色,10583408744.0,Mobile Phone,5.0,5.0
50,SAMSUNG6+128GB GALAXY A60 智能手機 黑色,11026147274.0,Mobile Phone,5.0,5.0
51,APPLE IPHONE XR 256GB 手機 白色,10584849539.0,Mobile Phone,5.0,5.0
52,HUAWEI M5-8-GD GOLD M5 TABLET,10532528362.0,Mobile Phone,5.0,5.0
53,Apple MacBook Air 13'' 1.8GHz i5 128GB 手提電腦,624902250.0,Laptop,5.0,5.0
54,HUAWEI NOVA 3I 手機 黑色,10583408737.0,Mobile Phone,5.0,5.0
55,Apple Macbook Pro 13 2.3GHz i5 128GB Silver MPXR2ZP/A,624902161.0,Laptop,5.0,5.0
56,HUAWEI Y9 2019 智能手機 藍色,10787520774.0,Mobile Phone,5.0,5.0
57,Apple MacBook Pro 13 2.3GHz i5 256GB 手提電腦,10555845058.0,Laptop,5.0,5.0
58,Apple iPad Pro 11 256GB Wi-Fi Silver MTXR2ZP/A 平板電腦,10555786341.0,Tablet,5.0,5.0
59,APPLE IPHONE XR 256GB 手機 (PRODUCT)RED,10584849540.0,Mobile Phone,5.0,5.0
60,HUAWEI P30 LITE 6+128GB 智能手機 藍色,11020212664.0,Mobile Phone,5.0,5.0
61,APPLE IPHONE XS 64GB 手機 銀色,10584849161.0,Mobile Phone,5.0,5.0
62,SAMSUNG GALAXY NOTE 9 128GB 手機 黑色,10586383782.0,Mobile Phone,5.0,5.0
63,Microsoft Surface Pro i5/128GB/8GB RAM/ Signature Cover Bundle (Platinum）手提電腦,10576193971.0,Tablet,5.0,5.0
64,APPLE IPHONE XR 128GB 手機 黃色,10584849494.0,Mobile Phone,5.0,5.0
65,HUAWEI M5 LITE MEDIA PAD,10620163685.0,Mobile Phone,5.0,5.0
66,SAMSUNG GALAXY A70 手機 6+128GB 白色,11039060814.0,Mobile Phone,5.0,5.0
67,SAMSUNG GALAXY J4+ 手機 2+32GB 黑色,10676500810.0,Mobile Phone,5.0,5.0
68,華為/HUAWEI Y9 Prime 2019 手機 寶石藍,11191799765.0,Mobile Phone,5.0,5.0
69,SAMSUNG GALAXY A7 手機 4+128GB 黑色,10676511066.0,Mobile Phone,5.0,5.0
70,SAMSUNG GALAXY A70 手機 8+128GB 黑色,11039060815.0,Mobile Phone,5.0,5.0
71,Microsoft Surface Pro 6 (Core i5/ 256GB/8GB RAM),10818305893.0,Tablet,5.0,5.0
72,DELL Inspiron 14-5480 R1500-S-W10 14'' i5 256SSD 手提電腦,10613855369.0,Laptop,5.0,5.0
73,APPLE IPAD MINI 2019 64GB WIFI GOLD MUQY2ZP/A 平板電腦,10964145620.0,Tablet,5.0,5.0
74,SAMSUNG GALAXY A7 手機 4+128GB 粉色,10676500905.0,Mobile Phone,5.0,5.0
75,MICROSOFT KLJ-00008 SP I5/8GB/256GB W/PLAT COVER BUNDLE 連鍵盤 電腦套裝,10578795276.0,Tablet,5.0,5.0
76,SAMSUNG GALAXY A70 手機 6+128GB 橙色,11039060813.0,Mobile Phone,5.0,5.0
77,Microsoft Surface Pro 6 (Core i5/ 128GB/ 8GB RAM),10818316793.0,Tablet,5.0,5.0
78,APPLE IPAD AIR 10.5 64GB WIFI SPACE GREY MUUJ2ZP/A 平板電腦,10964124018.0,Tablet,5.0,5.0
79,SAMSUNG GALAXY A20 手機 3+32GB 橙色,11008663596.0,Mobile Phone,5.0,5.0
80,VIVO V11 手機 夜空黑,10612390263.0,Mobile Phone,5.0,5.0
81,SAMSUNG GALAXY NOTE 9 128GB 手機 紫色,10586383783.0,Mobile Phone,5.0,5.0
82,華為/HUAWEI Y9 Prime 2019 手機 翡冷翠,11191799773.0,Mobile Phone,5.0,5.0
83,APPLE IPHONE XR 64GB 手機 藍色,10584849446.0,Mobile Phone,5.0,5.0
84,Apple Macbook Air 13 1.6GHz I5 256GB Space Gray MRE92ZP/A 手提電腦,10574051200.0,Laptop,5.0,5.0
85,LG X POWER K220YAHKGBK BLACK 智能手機 黑色 2+16,170114328.0,Mobile Phone,5.0,5.0
86,SAMSUNG GALAXY A70 手機 8+128GB 藍色,11039060816.0,Mobile Phone,5.0,5.0
87,SAMSUNG GALAXY A9 8+128GB 手機 藍色,10705443171.0,Mobile Phone,5.0,5.0
88,VIVO X21 手機 黑色,10524360588.0,Mobile Phone,5.0,5.0
89,VIVO V11 手機 紫色,10612565854.0,Mobile Phone,5.0,5.0
90,APPLE Macbook Pro Touch Bar 13 2.3GHz i5 512GB Space Gray MR9R2ZP/A 手提電腦,10555846102.0,Laptop,5.0,4.98
91,HUAWEI Y9 Prime 2019 手機 幻夜黑,11191646476.0,Mobile Phone,5.0,5.0
92,SAMSUNG GALAXY A40S 手機 6+64GB 黑色,11026147271.0,Mobile Phone,5.0,5.0
93,SAMSUNG GALAXY NOTE 9 512GB 手機 藍色,10586383778.0,Mobile Phone,5.0,5.0
94,APPLE IPAD AIR 10.5 64GB WIFI GOLD MUUL2ZP/A 平板電腦,10964124069.0,Tablet,5.0,5.0
95,APPLE IPAD AIR 10.5 64GB WIFI SILVER MUUK2ZP/A 平板電腦,10964124022.0,Tablet,5.0,5.0
96,HUAWEI P30 PRO 8+512GB 智能手機 橙色,11020212650.0,Mobile Phone,5.0,5.0
97,APPLE IPAD MINI 2019 64GB WIFI SPACE GREY MUQW2ZP/A 平板電腦,10964145615.0,Tablet,5.0,5.0
98,Apple iPad (2018) Wi-Fi + Cellular 128GB MRM22ZP/A 金,10395360561.0,Tablet,5.0,5.0
99,SAMSUNG GALAXY S10E 智能手機 6+128GB 幻鑽黑,10903483949.0,Mobile Phone,5.0,5.0
100,APPLE IPAD MINI 2019 64GB WIFI SILVER MUQX2ZP/A 平板電腦,10964145617.0,Tablet,5.0,5.0
101,Microsoft Surface Go (Intel 4415Y/64GB/4GB RAM),10580223964.0,Tablet,5.0,5.0
102,APPLE IPHONE XR 64GB 手機 橙色,10584849445.0,Mobile Phone,5.0,5.0
103,Apple Macbook Air 13 1.6GHz I5 128GB Gold MREE2ZP/A 手提電腦,10555863231.0,Laptop,5.0,5.0
104,APPLE MACBOOK PRO TOUCH BAR 13'' 2.3GHz i5 256GB Silver MR9U2ZP/A 手提電腦,10555848714.0,Laptop,5.0,5.0
105,HUAWEI P30 LITE 6+128GB 智能手機 白色,11020212665.0,Mobile Phone,5.0,5.0
106,ACER SF114-32-C9R3 NX.GXVCF.001 14'' 128GB SSD手提電腦,10586160964.0,Laptop,5.0,5.0
107,NOKIA 8110 手機 黑色,10572433360.0,Mobile Phone,5.0,5.0
108,HUAWEI MATEBOOK X PRO i7/16GB/512GB/GREY,10574024404.0,Laptop,5.0,5.0
109,0,0.0,0,5.0,5.0
110,SAMSUNG GALAXY NOTE 9 512GB 手機紫色,10586383779.0,Mobile Phone,5.0,5.0
111,VIVO Y91C 手機 黑,11026147262.0,Mobile Phone,5.0,5.0
112,APPLE IPAD AIR 10.5 256GB WIFI SPACE GREY MUUQ2ZP/A 平板電腦,10964124098.0,Tablet,5.0,5.0
113,HUAWEI MATEBOOK13 I7/8GB/512GB/GREY 手提電腦,10970331810.0,Laptop,5.0,5.0
114,SAMSUNG GALAXY TAB S5E 6+128GB WIFI 平板電腦 銀色,10952538741.0,Mobile Phone,5.0,5.0
115,DELL Inspiron 15 3583 i7 256GB Black Ins3583-R1720-B-W10 手提電腦,10883983078.0,Laptop,5.0,5.0
116,Apple iPad (2018) Wi-Fi + Cellular 128GB MR722ZP/A 太空灰,10395109300.0,Tablet,5.0,5.0
117,LENOVO Ideapad 330S-15ARR 81FB00C5HH 手提電腦,10780284796.0,Laptop,5.0,5.0
118,Apple iPad Pro 11 64GB Wi-Fi Silver MTXP2ZP/A 平板電腦,10555817857.0,Tablet,5.0,5.0
119,APPLE IPAD MINI 2019 256GB WIFI GOLD MUU62ZP/A 平板電腦,10964145656.0,Tablet,5.0,5.0
120,VIVO Y91C 手機 藍色,11026147265.0,Mobile Phone,5.0,5.0
121,Apple MacBook Pro 15 2.6GHz i7 512GB 手提電腦,10555841085.0,Laptop,5.0,5.0
122,VIVO V15 PRO 手機 藍色,10952218503.0,Mobile Phone,5.0,5.0
123,SAMSUNG SM-T510NZKETGY TAB A 10.1 平板電腦 黑色,11116894797.0,Mobile Phone,5.0,5.0
124,Apple iPad Pro 12.9 256GB Wi-Fi Silver MTFN2ZP/A 平板電腦,10555866892.0,Tablet,5.0,4.98
125,SAMSUNG Note10+ 手機 12GB+256GB 幻光,11314864580.0,Mobile Phone,5.0,4.98
126,APPLE IPAD AIR 10.5 256GB WI-FI SILVER MUUR2ZP/A 平板電腦,10964124138.0,Tablet,5.0,5.0
127,Apple Macbook Air 13 1.6GHz I5 128GB Silver MREA2ZP/A 手提電腦,10555863878.0,Laptop,5.0,5.0
128,Apple Macbook 12 1.3GHz i5 512GB Space Gray MNYG2ZP/A 手提電腦,624902175.0,Laptop,5.0,5.0
129,APPLE IPAD AIR 10.5 256GB WIFI GOLD MUUT2ZP/A 平板電腦,10964124185.0,Tablet,5.0,5.0
130,APPLE Macbook Pro Touch Bar 15'' 2.2GHz i7 256GB Space Gray MR932ZP/A 手提電腦,10555840092.0,Laptop,5.0,5.0
131,聯想 (LENOVO) ThinkPad T460s 14吋i7 20F9A044HH 企業級超輕薄電腦,193709290.0,Laptop,5.0,5.0
132,Microsoft Surface Pro 6 (Core i5/ 256GB/ 8GB RAM),10818305892.0,Tablet,5.0,5.0
133,SAMSUNG Note10+ 手機 12GB+256GB 幻黑,11314878297.0,Mobile Phone,5.0,5.0
134,ACER Aspire 3 A315-53G-57HF 15.6'' 手提電腦,10883983076.0,Laptop,5.0,5.0
135,APPLE Macbook Pro Touch Bar 13 2.3GHz i5 512GB Silver MR9V2ZP/A 手提電腦,10555852823.0,Laptop,5.0,4.96
136,APPLE IPHONE XR 64GB 手機 黃色,10584849444.0,Mobile Phone,5.0,4.98
137,APPLE IPAD MINI 2019 256GB WIFI SPACE GREY MUU32ZP/A 平板電腦,10964145627.0,Tablet,5.0,5.0
138,SAMSUNG Note10+ 手機 12GB+256GB 幻白,11314864607.0,Mobile Phone,5.0,5.0
139,LENOVO Ideapad 330-15ICH 手提電腦,10591752875.0,Laptop,5.0,5.0
140,Apple iPad (2018) Wi-Fi + Cellular 32GB MRM02ZP/A 金色,10395359640.0,Tablet,5.0,5.0
141,APPLE IPHONE XS 512GB 手機 太空灰,10584849219.0,Mobile Phone,5.0,5.0
142,APPLE IPAD MINI 2019 64GB 4G SPACE GREY MUX52ZP/A 平板電腦,10964145679.0,Tablet,5.0,5.0
143,APPLE IPHONE XS 512GB 手機 金色,10584849281.0,Mobile Phone,5.0,5.0
144,APPLE IPAD MINI 2019 256GB WIFI SILVER MUU52ZP/A 平板電腦,10964145632.0,Tablet,5.0,5.0
145,APPLE IPAD MINI 2019 64GB 4G GOLD MUX72ZP/A 平板電腦,10964145688.0,Tablet,5.0,5.0
146,Apple Macbook Pro with Touch Bar 13 2.4GHz I5 256GB Space Gray MV962ZP/A 手提電腦,10964123899.0,Laptop,5.0,5.0
147,SAMSUNG GALAXY S10 智能手機 8+512GB 幻鑽黑,10903483769.0,Mobile Phone,5.0,5.0
148,Apple Macbook Pro with Touch Bar 13 2.4GHz I5 512GB Space Gray MV972ZP/A 手提電腦,10964123956.0,Laptop,5.0,5.0
149,APPLE IPAD MINI 2019 256GB 4G SPACE GREY MUXC2ZP/A,10964145699.0,Tablet,5.0,5.0
150,Apple Macbook 12 1.3GHz i5 512GB Silver MNYJ2ZP/A 手提電腦,624902233.0,Laptop,5.0,5.0
151,小米 (Mi) 紅米 Note 4X 64GB智能手機 玫瑰金色,656160880.0,Mobile Phone,5.0,5.0
152,Apple iPad (2018) Wi-Fi + Cellular 32GB MR6P2ZP/A 銀色,10394995121.0,Tablet,5.0,5.0
153,Apple Macbook Pro BAR 15 2.2GHz i7 256GB Sliver MR962ZP/A 手提電腦,10555843051.0,Laptop,5.0,5.0
154,HUAWEI MateBook 13 i5/8GB/256GB/深空灰 手提電腦,10970237102.0,Laptop,5.0,5.0
155,Apple Macbook Pro BAR 15 2.6GHz i7 512GB Silver MR972ZP/A 手提電腦,10555843999.0,Laptop,5.0,5.0
156,SAMSUNG TAB A 8 WIFI WITH S PEN 平板電腦 黑色,10944549901.0,Mobile Phone,5.0,5.0
157,Apple Macbook Pro with Touch Bar 15 2.3GHz I9 512GB Space Gray MV912ZP/A 手提電腦,10964123807.0,Laptop,5.0,5.0
158,Apple iPad Pro 12.9 64GB Wi-Fi Space Gray MTEL2ZP/A 平板電腦,10555868338.0,Tablet,5.0,5.0
159,Apple iPad (2018) Wi-Fi + Cellular 32GB MR6N2ZP/A 太空灰,10394984583.0,Tablet,5.0,5.0
160,HUAWE Y7 PRO 2019 智能手機 黑色,10880925011.0,Mobile Phone,5.0,5.0
161,微軟 (Microsoft) Surface Book Performance Base (i7/16GB/512GB),615437999.0,Tablet,5.0,5.0
162,SAMSUNG T290 GALAXY TAB A 8 32GB WIFI,11228763764.0,Mobile Phone,5.0,5.0
163,HUAWEI Y7 PRO 2019 智能手機 藍色,10880925012.0,Mobile Phone,5.0,5.0
164,APPLE IPAD MINI 2019 64GB 4G SILVER MUX62ZP/A 平板電腦,10964145683.0,Tablet,5.0,5.0
165,SAMSUNG SM-T510NZDETGY TAB A 10.1 32GB WIFI 金色,11197208554.0,Mobile Phone,5.0,4.98
166,Apple Macbook Pro 13 with Touch Bar 1.4GHz I5 Space Gray MUHP2ZP/A 手提電腦,10574071838.0,Laptop,5.0,5.0
167,[限量1件]華為 (HUAWEI) P9 標準版 智能電話 月光銀,150843468.0,Mobile Phone,5.0,5.0
168,APPLE IPHONE XS 512GB 手機 銀色,10584849251.0,Mobile Phone,5.0,5.0
169,Apple iPad Pro 12.9 256GB 4G Space Gray MTHV2ZP/A 平板電腦,10555846917.0,Tablet,5.0,5.0
170,SAMSUNG GALAXY NOTE 9 128GB 手機 白色,10719285049.0,Mobile Phone,5.0,5.0
171,SAMSUNG TAB A 8 LTE WITH S PEN 平板電腦 黑色,10944549906.0,Mobile Phone,5.0,5.0
172,Apple iPad Pro 11 64GB 4G Space Gray MU0M2ZP/A 平板電腦,10555572829.0,Tablet,5.0,5.0
173,VIVO Y17 手機 藍色,11136280253.0,Mobile Phone,5.0,5.0
174,Apple iPad Pro 11 512GB Wi-Fi Space Gray MTXT2ZP/A 平板電腦,10555805676.0,Tablet,5.0,4.98
175,Apple Macbook Pro with Touch Bar 15 2.6GHz I7 256GB Space Gray MV902ZP/A 手提電腦,10964123793.0,Laptop,5.0,5.0
176,APPLE Macbook 12 1.2GHz M3 256GB Gold MRQN2ZP/A 手提電腦,10555857393.0,Laptop,5.0,5.0
177,APPLE IPAD AIR 10.5 256GB 4G SPACE GREY MV0N2ZP/A 平板電腦,10964145562.0,Tablet,5.0,4.95
178,SAMSUNG Note10+ 手機 12GB+512GB 幻光,11314864622.0,Mobile Phone,5.0,5.0
179,APPLE IPAD AIR 10.5 256GB 4G GOLD MV0Q2ZP/A 平板電腦,10964145600.0,Tablet,5.0,5.0
180,HUAWEI Y7 PRO 2019 智能手機 紅色,10880925013.0,Mobile Phone,5.0,5.0
181,NOKIA 9 PUREVIEW 手機 藍色,10877830653.0,Mobile Phone,5.0,5.0
182,VIVO Y17 手機 紫色,11136280258.0,Mobile Phone,5.0,5.0
183,雷蛇 (RAZER) Blade B6NT/W10/FHD/i7/16GB/1TB SSD 電競級遊戲筆記本,612739294.0,Laptop,5.0,5.0
184,APPLE IPAD AIR 10.5 256GB 4G SILVER MV0P2ZP/A 平板電腦,10964145573.0,Tablet,5.0,4.94
185,SAMSUNG Note10+ 手機 12GB+512GB 幻黑,11314864616.0,Mobile Phone,5.0,5.0
186,APPLE IPAD MINI 2019 256GB 4G SILVER MUXD2ZP/A 平板電腦,10964145765.0,Tablet,5.0,5.0
187,SAMSUNG GALAXY A80 手機 8+128GB 幻魅金,11193559892.0,Mobile Phone,5.0,5.0
188,Apple Macbook Pro 13 with Touch Bar 1.4GHz I5 128GB Space Gray MUHN2ZP/A 手提電腦,10574070923.0,Laptop,5.0,5.0
189,Apple iPad Pro 12.9 512GB Wi-Fi Space Gray MTFP2ZP/A 平板電腦,10555867477.0,Tablet,5.0,5.0
190,MEIZU PRO 7 PLUS M793H 手機 黑色,690402405.0,Mobile Phone,5.0,5.0
191,NOKIA 8.1 智能手機 鋼銀色,10748547461.0,Mobile Phone,5.0,5.0
192,Apple iPad Pro 11 512GB 4G Space Gray MU1F2ZP/A 平板電腦,10555566928.0,Tablet,5.0,5.0
193,Apple iPad Pro 12.9 64GB Wi-Fi Silver MTEM2ZP/A 平板電腦,10555867679.0,Tablet,5.0,5.0
194,SAMSUNG SM-T835CZKLTGY BLACK TAB S4 256GB LTE【蘇寧9周年】,10580005239.0,Mobile Phone,5.0,5.0
195,SAMSUNG GALAXY A80 手機 8+128GB 魅影黑,11193559889.0,Mobile Phone,5.0,5.0
196,Apple Macbook Pro with Touch Bar 13 2.4GHz I5 512GB Silver MV9A2ZP/A 手提電腦,10592156842.0,Laptop,5.0,5.0
197,Apple iPad Pro 12.9 64GB 4G Space Gray MTHJ2ZP/A 平板電腦,10555863478.0,Tablet,5.0,5.0
198,Apple Macbook Pro with Touch Bar 15 2.3GHz I9 512GB Silver MV932ZP/A 手提電腦,10964123852.0,Laptop,5.0,5.0
199,APPLE IPAD AIR 10.5 64GB 4G SPACE GREY MV0D2ZP/A 平板電腦,10964124188.0,Tablet,5.0,5.0
200,Apple iPad Pro 12.9 512GB Wi-Fi Silver MTFQ2ZP/A 平板電腦,10555867395.0,Tablet,5.0,5.0
201,MEIZU PRO 7 PLUS M793H 手機 太空黑,690402406.0,Mobile Phone,5.0,5.0
202,Apple Macbook Air 13 1.6GHz I5 128GB Gold MVFM2ZP/A 手提電腦,10574067139.0,Laptop,5.0,5.0
203,Apple Macbook Air 13 1.6GHz I5 256GB Space Gray MVFJ2ZP/A 手提電腦,10574063711.0,Laptop,5.0,5.0
204,0,0.0,0,5.0,5.0
205,Apple Macbook Air 13 1.6GHz I5 256GB Gold MVFN2ZP/A 手提電腦,10574068768.0,Laptop,5.0,5.0
206,SAMSUNG Note10 手機 8GB+256GB 幻光,11314878283.0,Mobile Phone,5.0,5.0
207,LG G7 手機 64GB 藍色,10548430151.0,Mobile Phone,5.0,5.0
208,Asus VivoBook14 X420FA-SS8202T Notebook 手提電腦,11194736884.0,Laptop,5.0,5.0
209,AMAZON ALL KINDLE PAPERWHITE 4TH GEN 32GB 黑色 電子書,10717774549.0,Tablet,5.0,5.0
210,APPLE IPAD AIR 10.5 64GB 4G GOLD MV0F2ZP/A 平板電腦,10964124236.0,Tablet,5.0,5.0
211,Apple iPad Pro 11 512GB Wi-Fi Silver MTXU2ZP/A 平板電腦,10555803878.0,Tablet,5.0,5.0
212,LENOVO L38011 K5 PLAY 3+32GB 手機 藍色,10859217502.0,Mobile Phone,5.0,5.0
213,LENOVO L38011 K5 PLAY 3+32GB 手機 藍色,10859217502.0,Mobile Phone,5.0,5.0
214,APPLE IPAD AIR 10.5 64GB 4G SILVER MV0E2ZP/A 平板電腦,10964124211.0,Tablet,5.0,5.0
215,LG K11+ 智能手機 藍色,10594811399.0,Mobile Phone,5.0,5.0
216,Apple Macbook Pro with Touch Bar 13 2.4GHz I5 256GB Silver MV992ZP/A 手提電腦,10592156838.0,Laptop,5.0,5.0
217,AMAZON ALL KINDLE PAPERWHITE 4TH GEN 8GB 黑色 電子書,10717774544.0,Tablet,5.0,5.0
218,AMAZON KINDLE PAPERWHITE HD WIFI 4GB WHITE 電子書,10580992866.0,Tablet,5.0,5.0
219,ALCATEL 5V 手機 黑色,10686527830.0,Mobile Phone,5.0,5.0
220,HP PAVILION GAMING 15 手提電腦,675174484.0,Laptop,5.0,5.0
221,Apple iPad Pro 11 512GB 4G Silver MU1M2ZP/A 平板電腦,10555566560.0,Tablet,5.0,5.0
222,Apple Macbook 12 1.3GHz I5 512GB Gold MRQP2ZP/A 手提電腦,10555859590.0,Laptop,5.0,5.0
223,LG K11+ 智能手機 金色,10594811400.0,Mobile Phone,5.0,5.0
224,雷蛇 (RAZER) Blade (B6NT/W10/FHD/i7/16GB/256GB SSD) 電競級遊戲筆記本,612739286.0,Laptop,5.0,5.0
225,SAMSUNG Note10 手機 8GB+256GB 幻黑,11314878266.0,Mobile Phone,5.0,5.0
226,Apple Macbook Air 13 1.6GHz I5 128GB Silver MVFK2ZP/A 手提電腦,10574052648.0,Laptop,5.0,5.0
227,Apple Macbook Pro 13 with Touch Bar 1.4GHz i5 128GB Silver MUHQ2ZP/A 手提電腦,10574072528.0,Laptop,5.0,5.0
228,Apple iPad Pro 11 64GB 4G Silver MU0U2ZP/A 平板電腦,10555567339.0,Tablet,5.0,5.0
229,MOTOROLA MOTO E5 PLUS 手機 黑色,10584534153.0,Mobile Phone,5.0,5.0
230,Apple iPad Pro 12.9 512GB 4G Space Gray MTJD2ZP/A 平板電腦,10555861888.0,Tablet,5.0,5.0
231,Apple iPad Pro 12.9 64GB 4G Silver MTHP2ZP/A 平板電腦,10555862151.0,Tablet,5.0,5.0
232,ASUS Laptop X407MA-AS4011T notebook手提電腦,11322412881.0,Laptop,5.0,5.0
233,Apple Macbook Air 13 1.6GHz I5 256GB Silver MVFL2ZP/A 手提電腦,10574064814.0,Laptop,5.0,5.0
234,Apple Macbook Air 13 1.6GHz I5 128GB Space Gray MVFH2ZP/A 手提電腦,10574051410.0,Laptop,5.0,5.0
235,FUJITSU E558K503B 15.6'' i5 256GB SSD MADE IN JAPAN 手提電腦,10748851001.0,Laptop,5.0,5.0
236,SAMSUNG Note10 手機 8GB+256GB 幻白,11314878289.0,Mobile Phone,5.0,5.0
237,SAMSUNG NOTEBOOK 9 ALWAYS 13.3'' 512GB SSD NP900X3T-K03HK 手提電腦,10605103655.0,Laptop,5.0,5.0
238,FUJITSU U537K703B NB i7 13.3''黑色 手提電腦,10162752130.0,Laptop,5.0,5.0
239,ASUS VivoBook S406UA-AS8202E Notebook 手提電腦,11269697063.0,Laptop,5.0,5.0
240,Apple Macbook Pro with Touch Bar 15 2.6GHz I7 256GB Silver MV922ZP/A 手提電腦,10964123826.0,Laptop,5.0,5.0
241,MOTOROLA MOTO G6 PLUS 手機 黑色,10569646283.0,Mobile Phone,5.0,5.0
242,SAMSUNG GALAXY A80 手機 8+128GB 魅光白,11193559937.0,Mobile Phone,5.0,5.0
243,SAMSUNG NOTEBOOK 9 ALWAYS 13.3'' 256GB SSD NP900X3T-K01HK 手提電腦,10605103653.0,Laptop,5.0,5.0
244,SAMSUNG NOTEBOOK 9 ALWAYS 13.3'' 256 GB SSD NP900X3T-K02HK 手提電腦,10605103654.0,Laptop,5.0,5.0
245,SAMSUNG NOTEBOOK 9 ALWAYS 15'' 256GB SSD NP900X5T-K02HK手提電腦,10605103656.0,Laptop,5.0,5.0
246,HONOR View 20 6+128GB 智能手機 幻夜黑,11008663718.0,Mobile Phone,5.0,5.0
247,LENOVO K520 S5 4+64GB 手機 黑色,10859217499.0,Mobile Phone,5.0,5.0
248,Apple iPad Pro 12.9 512GB 4G Silver MTJJ2ZP/A 平板電腦,10555851024.0,Tablet,5.0,5.0
249,Apple iPad Pro 12.9 1TB Wi-Fi Space Gray MTFR2ZP/A 平板電腦,10555865475.0,Tablet,5.0,5.0
250,Apple iPad Pro 11 1TB Wi-Fi Silver MTXW2ZP/A 平板電腦,10555754413.0,Tablet,5.0,5.0
251,SAMSUNG TAB S6 WIFI 8+256GB 平板電腦,11308814872.0,Mobile Phone,5.0,5.0
252,SAMSUNG NOTEBOOK 9 ALWAYS 15'' 256GB SSD NP900X5T-K01HK 手提電腦,10605109620.0,Laptop,5.0,5.0
253,ASUS ZenBook S UX391UA-BP8515E Notebook 手提電腦,11241444386.0,Laptop,5.0,5.0
254,HONOR View 20 8+256GB 智能手機 幻影藍,11008663850.0,Mobile Phone,5.0,5.0
255,SAMSUNG TAB S6 WIFI 6+128GB 平板電腦,11308814750.0,Mobile Phone,5.0,5.0
256,APPLE IPHONE 11 PRO MAX 256GB 手機 午夜綠色,10584849614.0,Mobile Phone,5.0,5.0
257,FUJITSU E548K501B 14'' i5 256GB SSD MADE IN JAPAN 手提電腦,10748851002.0,Laptop,5.0,5.0
258,GLOBAL PHONE 智能手機 藍色,10578454629.0,Mobile Phone,5.0,5.0
259,APPLE IPHONE 11 PRO MAX 64GB 手機 午夜綠色,11356505335.0,Mobile Phone,5.0,5.0
260,RAZER BLADE STEALTH 13.3 I7/16GB/512GB RZ09-01963E32-R341 遊戲手提電腦,694759712.0,Laptop,5.0,5.0
261,SAMSUNG SM-T295C GALAXY TAB A 8 32GB LTE 银色,11228763880.0,Mobile Phone,5.0,5.0
262,APPLE IPHONE 11 128GB 手機 綠色,11356505278.0,Mobile Phone,5.0,5.0
263,APPLE IPHONE 11 PRO MAX 256GB 手機 太空灰,11356505336.0,Mobile Phone,5.0,5.0
264,Apple iPad 10.2 Wifi 32GB Space Gray MW742ZP/A 平板電腦,11359867696.0,Tablet,0.0,0.0
265,Apple iPad 10.2 Wifi 32GB Silver MW752ZP/A 平板電腦,11359867697.0,Tablet,0.0,0.0
266,Apple iPad 10.2 Wifi 32GB Gold MW762ZP/A 平板電腦,11359867698.0,Tablet,0.0,0.0
267,Apple iPad 10.2 Wifi 128GB SpaceGray MW772ZP/A 平板電腦,11359867699.0,Tablet,0.0,0.0
268,Apple iPad 10.2 Wifi 128GB Silver MW782ZP/A 平板電腦,11359867700.0,Tablet,0.0,0.0
269,Apple iPad 10.2 WIifi 128GB Gold MW792ZP/A 平板電腦,11359867701.0,Tablet,0.0,0.0
270,Apple iPad Pro 12.9 256GB 4G Silver MTJ62ZP/A 平板電腦,10555845879.0,Tablet,0.0,0.0
271,APPLE IPAD MINI 2019 256GB 4G GOLD MUXE2ZP/A 平板電腦,10964145768.0,Tablet,0.0,0.0
272,Apple iPad (2018) Wi-Fi + Cellular 128GB MR732ZP/A 銀色,10395120260.0,Tablet,0.0,0.0
273,Apple iPad Pro 11 64GB Wi-Fi Space Gray MTXN2ZP/A 平板電腦,10555823651.0,Tablet,0.0,0.0
274,Apple iPad (2018) Wi-Fi 128GB MR7J2ZP/A 太空灰,10395181893.0,Tablet,0.0,0.0
275,Apple iPad (2018) Wi-Fi 32GB MRJN2ZP/A 金色,10395197204.0,Tablet,0.0,0.0
276,Apple iPad 10.2 4G 32GB Gold MW6D2ZP/A 平板電腦,11359867692.0,Tablet,0.0,0.0
277,Apple MacBook 12 MNYK2ZP/A（金色）,624902234.0,Laptop,0.0,0.0
278,Apple Macbook Air 13 1.6GHz I5 256GB Gold MREF2ZP/A 手提電腦,10555864883.0,Laptop,0.0,0.0
279,APPLE IPHONE 11 64GB 手機 紅色,11356500071.0,Mobile Phone,0.0,0.0
280,APPLE IPHONE 11 PRO 256GB 手機 太空灰,11356505301.0,Mobile Phone,0.0,0.0
281,APPLE IPHONE 11 PRO 256GB 手機 銀色,11356505303.0,Mobile Phone,0.0,0.0
282,APPLE IPHONE 11 PRO 256GB 手機 金色,11356505306.0,Mobile Phone,0.0,0.0
283,APPLE IPHONE 11 PRO 256GB 手機 午夜綠色,11356505307.0,Mobile Phone,0.0,0.0
284,HUAWEI NOVA 5T 手機 蘇音藍,11362841977.0,Mobile Phone,0.0,0.0
285,HONOR View 20 6+128GB 智能手機 魅海藍,11008663653.0,Mobile Phone,0.0,0.0
286,APPLE IPHONE 11 128GB 手機 白色,11356505270.0,Mobile Phone,0.0,0.0
287,APPLE IPHONE 11 128GB 手機 紅色,11356505273.0,Mobile Phone,0.0,0.0
288,APPLE IPHONE 11 PRO MAX 512GB 手機 銀色,10584849620.0,Mobile Phone,0.0,0.0
289,APPLE IPHONE 11 PRO MAX 512GB 手機 金色,10584849623.0,Mobile Phone,0.0,0.0
290,APPLE IPHONE 11 PRO MAX 512GB 手機 午夜綠色,10584849624.0,Mobile Phone,0.0,0.0
291,APPLE IPHONE 8 128GB 手機 太空灰,10584849629.0,Mobile Phone,0.0,0.0
292,SAMSUNG TAB S6 LTE 8+256GB 平板電腦,11308814874.0,Mobile Phone,0.0,0.0
293,APPLE IPHONE 11 PRO 512GB 手機 銀色,11356505310.0,Mobile Phone,0.0,0.0
294,APPLE IPHONE 11 PRO 512GB 手機 金色,11356505311.0,Mobile Phone,0.0,0.0
295,APPLE IPHONE 11 PRO 512GB 手機 太空灰,11356511086.0,Mobile Phone,0.0,0.0
296,APPLE IPHONE 11 PRO 512GB 手機 午夜綠色,11356505312.0,Mobile Phone,0.0,0.0
297,APPLE IPHONE 11 PRO MAX 256GB 手機 銀色,11356511087.0,Mobile Phone,0.0,0.0
298,HUAWEI P30 PRO 8+256GB 手機 神秘蓝,11362693362.0,Mobile Phone,0.0,0.0
299,APPLE IPHONE 8 128GB 手機 銀色,10584849659.0,Mobile Phone,0.0,0.0
300,APPLE IPHONE 11 PRO MAX 64GB 手機 太空灰,11356505313.0,Mobile Phone,0.0,0.0
301,APPLE IPHONE 11 PRO MAX 64GB 手機 銀色,11356505314.0,Mobile Phone,0.0,0.0
302,HUAWEI NOVA 5T 手機 仲夏紫,11362841982.0,Mobile Phone,0.0,0.0
303,HUAWEI NOVA 5T 手機 亮黑色,11362846166.0,Mobile Phone,0.0,0.0
304,APPLE IPHONE XS MAX 64GB 手機 銀色,10584849312.0,Mobile Phone,0.0,0.0
305,APPLE IPHONE 11 256GB 手機 黑色,11356505282.0,Mobile Phone,0.0,0.0
306,APPLE IPHONE 11 256GB 手機 白色,11356505283.0,Mobile Phone,0.0,0.0
307,APPLE IPHONE 11 256GB 手機 紅色,11356505284.0,Mobile Phone,0.0,0.0
308,SAMSUNG TAB S6 LTE 6+128GB 平板電腦,11308814854.0,Mobile Phone,0.0,0.0
309,APPLE IPHONE 8 PLUS 128GB 手機 銀色,10584852176.0,Mobile Phone,0.0,0.0
310,APPLE IPHONE 8 PLUS 128GB 手機 金色,10584852177.0,Mobile Phone,0.0,0.0
311,SAMSUNG GALAXY S10+ 手機 8+128GB 幻鑚銀,11143482027.0,Mobile Phone,0.0,0.0
312,APPLE IPHONE 8 128GB 手機 金色,10584849660.0,Mobile Phone,0.0,0.0
313,SAMSUNG GALAXY A60 手機 6+128GB 橙色,11026147276.0,Mobile Phone,0.0,0.0
314,HUAWEI P30 8+128GB智能手機 黑色,11020212653.0,Mobile Phone,0.0,0.0
315,APPLE IPHONE 8 PLUS 128GB 手機 太空灰,10584849663.0,Mobile Phone,0.0,0.0
316,HUAWEI P30 LITE 6+128GB 智能手機 黑色,11020212654.0,Mobile Phone,0.0,0.0
317,APPLE IPHONE XS MAX 512GB 手機 銀色,10584849433.0,Mobile Phone,0.0,0.0
318,APPLE IPHONE 11 64GB 手機 黑色,11356500068.0,Mobile Phone,0.0,0.0
319,APPLE IPHONE XS 256GB 手機 太空灰,10584849209.0,Mobile Phone,0.0,0.0
320,APPLE IPHONE 11 PRO MAX 256GB 手機 金色,10584849613.0,Mobile Phone,0.0,0.0
321,APPLE IPHONE 11 128GB 手機 黑色,11356505269.0,Mobile Phone,0.0,0.0
322,APPLE IPHONE 11 PRO MAX 512GB 手機 太空灰,10584849617.0,Mobile Phone,0.0,0.0
323,SAMSUNG GALAXY A70 手機 6+128GB 黑色,11039060812.0,Mobile Phone,0.0,0.0
324,APPLE IPHONE 11 PRO 64GB 手機 銀色,11356505294.0,Mobile Phone,0.0,0.0
325,APPLE IPHONE 11 PRO 64GB 手機 午夜綠色,11356505298.0,Mobile Phone,0.0,0.0
326,APPLE IPHONE 11 64GB 手機 黃色,11356500073.0,Mobile Phone,0.0,0.0
327,APPLE IPHONE 11 64GB 手機 紫色,11356500075.0,Mobile Phone,0.0,0.0
328,APPLE IPHONE 11 PRO MAX 64GB 手機 金色,11356505334.0,Mobile Phone,0.0,0.0
329,APPLE IPHONE 11 128GB 手機 黃色,11356505274.0,Mobile Phone,0.0,0.0
330,APPLE IPHONE 11 128GB 手機 紫色,11356505277.0,Mobile Phone,0.0,0.0
331,APPLE IPHONE 11 256GB 手機 黃色,11356505287.0,Mobile Phone,0.0,0.0
332,APPLE IPHONE 11 256GB 手機 紫色,11356505288.0,Mobile Phone,0.0,0.0
333,APPLE IPHONE 11 256GB 手機 綠色,11356505289.0,Mobile Phone,0.0,0.0
334,APPLE IPHONE 11 64GB 手機 白色,11356500069.0,Mobile Phone,0.0,0.0
335,APPLE IPHONE 11 64GB 手機 綠色,11356505266.0,Mobile Phone,0.0,0.0
336,HUAWEI P30 PRO 8+256GB 手機 薰衣草,11362693468.0,Mobile Phone,0.0,0.0
337,APPLE IPHONE 11 PRO 64GB 手機 太空灰,11356505293.0,Mobile Phone,0.0,0.0
338,APPLE IPHONE 11 PRO 64GB 手機 金色,11356505297.0,Mobile Phone,0.0,0.0
