,product_name,product_index,product_type,median_rates,mean_rates,no_of_rates
0,5.5吋 4G-LTE 智能電話 (4+64GB) X598 (黑色),H0972006_S_196,smartphone,1.5,2.7,10.0
2,超薄 notebook - F7 (6+128GB),H0972006_S_F7,tablet,3.5,3.1,17.0
3,4G-LTE 智能手機 - GALAXY S4 (黑色),H0972006_S_325,smartphone,2.5,2.9,17.0
5,"iPhone SE - 64GB, 二手9成新 (100%正常運作)(平行進口)",H6725001_S_iSE_G_64_3A_U,smartphone,5.0,4.57,7.0
6,"(11.6"", N3060,4GB RAM,32GB eMMC) XE500C13-K01HK Chrome OS 筆記簿型電腦",H0762001_S_XE500C13-K03US-800160302,laptop,5.0,4.86,7.0
13,ELUGA C 全螢幕三邊超窄邊框5.5吋智能手機 (一年保養)(水波藍),H0972006_S_ELUGA_C_BLUE,smartphone,3.0,3.0,5.0
14,8110 4G雙卡雙待手機（黑色）（平行進口）,H5912001_S_Na0007_bk,smartphone,5.0,3.4,5.0
15,A800 長者平安折合式手機/特大鈴聲字體/原裝行貨一年保養/黑色,H5683001_S_P1399,smartphone,5.0,3.4,5.0
16,智能手機 - A1000 (黑色),H0972006_S_Lenovo_A1000,smartphone,4.0,3.5,4.0
18,平板4 8英寸平板電腦LTE版 4G+64GB（黑色）（平行進口）,H5912001_S_T0044_bk,tablet,3.5,3.25,4.0
19,3G 智能手機 - A396 (粉紅色),H0972006_S_320,smartphone,1.0,2.0,3.0
22,MOTO E4 PLUS（金色）(香港行貨),H5912001_S_MO0006_gd,smartphone,4.0,3.33,3.0
24,"iPhone 7 - 128GB, 二手9成新 (100%正常運作)(平行進口)",H6725001_S_i7_R_128_3A_U,smartphone,5.0,4.33,3.0
25,P30 Lite 6GB+128GB 藍色 香港行貨,H6588001_S_Huawei_P30Lite_Blue,smartphone,5.0,5.0,3.0
28,"SF114 14"" FHD N5000 4G 128G SHARE Win10 S mode (粉紅色)",H6603001_S_Aspire_SF114_32_P69T_NX_GZPCF_003,laptop,5.0,5.0,2.0
29,Y9 2019 4GB+64GB 紫色 香港行貨,H6588001_S_Huawei_Y9_2019_Purple,smartphone,5.0,5.0,2.0
30,A812 長者平安折合式手機/特大鈴聲字體/原裝行貨/黑色,H5683001_S_P1518,smartphone,2.0,2.0,2.0
32,Galaxy S10+ 8GB+128GB 幻鑽白色 香港行貨,H6588001_S_Samsung_S10P_128_White,smartphone,5.0,5.0,2.0
33,GALAXY NOTE 8 DUAL 64GB N950FD（藍色）（平行進口）,H5912001_S_SAM0030_be,smartphone,4.0,4.0,2.0
35,"Swift 3 筆記型電腦 (14"", i5-8265U, 8GB RAM, 128GB SSD, 1TB HDD, Win 10) SF314-56-52YM",H0762001_S_Acer-SF314-56-52YM-007160309,laptop,5.0,5.0,2.0
36,"STREAM 11-ah113TU 11.6"" 4NT27PA#AB5 Infinity Purple",H0661001_S_NBOHPA-HPSTREAM11-ah113TU,laptop,3.0,3.0,2.0
38,"Tab A 8"" 2019 2GB+32GB Wi-Fi 平板電腦 T290 銀色 香港行貨",H6588001_S_Samsung_TabA_8_2019_WiFi,tablet,5.0,5.0,2.0
39,P30 Lite 6GB+128GB 白色 香港行貨,H6588001_S_Huawei_P30Lite_White,smartphone,5.0,5.0,2.0
42,Z8，八核芯，全高清，4G雙卡雙待，一年保養！,H0778001_S_Z8,smartphone,2.5,2.5,2.0
44,M5 Pro Wi-Fi 4GB+64GB 平板電腦 金色 香港行貨,H6588001_S_Huawei_M5Pro_Gold,tablet,5.0,5.0,2.0
45,ZenFone Max Pro (M1) (ZB602KL) - 6GB RAM / 超長效 5000mAh 電池 / 支援 NFC (酷炫銀),H0972006_S_zenfone_6,smartphone,4.5,4.5,2.0
46,"iPhone 7 - 128GB, 二手9成9新 (100%正常運作)(平行進口)",H6725001_S_i7_R_128_1_U,smartphone,4.0,4.0,2.0
47,A3 4G LTE 5046I智能電話 (白)- Alcatel,H0775001_S_AL04,smartphone,1.0,1.0,2.0
48,Caterpillar CAT B30 香港行貨一年保養,H5982001_S_catb30,smartphone,3.0,3.0,2.0
50,"SF114 14"" FHD N5000 4G 128G SHARE Win10 S mode (銀色)",H6603001_S_Aspire_SF114_32_P1MD_NX_GXVCF_004,laptop,5.0,5.0,2.0
53,"iPhone 6 - 16GB, 二手9成新 (100%正常運作)(平行進口)",H6725001_S_i6_W_16_3A_U,smartphone,5.0,5.0,1.0
54,iQOO 8GB+128GB 藍色 平行進口 中國版,H6588001_S_Vivo_iQOO_8_128_Blue,smartphone,5.0,5.0,1.0
55,OnePlus 6 8GB+128GB 白色 平行進口 中國版,H6588001_S_OP6_8_128_White,smartphone,5.0,5.0,1.0
56,BlackBerry Key 2 LE 64GB Black 香港行貨一年保養,H5982001_S_blackberrykey2le64gbblk,smartphone,5.0,5.0,1.0
57,HONOR 10 AI 雙鏡頭拍攝手機 (128GB) (原裝行貨) (幻夜黑),H0972006_S_Honor_10_Black,smartphone,5.0,5.0,1.0
60,iPhone XS 512GB-金（香港行貨）,H5912001_S_AP0023-gd,smartphone,5.0,5.0,1.0
62,OnePlus 7 8GB+256GB 珐琅红色 平行進口 中國版,H6588001_S_Oneplus_7_8_256_Red,smartphone,5.0,5.0,1.0
64,Pavilion 14-ce1031TX 5MX39PA#AB5- Tranquil Pink,H0661001_S_NBOHPA-14-ce1031TX,laptop,4.0,4.0,1.0
65,Nova 4 8GB+128GB 藍色 香港行貨,H6588001_S_Nova_4_Blue,smartphone,5.0,5.0,1.0
67,OnePlus 6t 8GB+128GB  亮瓷黑色 平行進口 中國版,H6588001_S_OP6t_8_128MirBlk,smartphone,5.0,5.0,1.0
70,IP S530-13IWL (81J7001LHH)手提筆記型電腦,S1076001_S_193268289345,laptop,5.0,5.0,1.0
71,8110 4G LTE 雙卡雙核2MP 手提智能電話 - 黑色（平行進貨）,H5393001_S_1001277,smartphone,1.0,1.0,1.0
72,EKTRA（香港行貨）,H5912001_S_EK0001,smartphone,5.0,5.0,1.0
73,(13.3 Pentium N4200 4GB RAM 128GB SSD Win10) AVITA Liber 13.3 筆記型電腦,H0762001_S_NS13A1HK087P-140160099,laptop,4.0,4.0,1.0
76,Galaxy A70 6GB+128GB 黑色 香港行貨,H6588001_S_Samsung_A70_6_Black,smartphone,5.0,5.0,1.0
77,OnePlus 7 8GB+256GB 曜岩灰色 平行進口 中國版,H6588001_S_Oneplus_7_8_256_Black,smartphone,5.0,5.0,1.0
79,X1，Qualcomm四核，Sony鏡頭，一年保養！,H0778001_S_X1_BK,smartphone,4.0,4.0,1.0
80,Y7 Pro 2019 3GB+32GB 幻夜黑色 香港行貨,H6588001_S_Huawei_Y7_Pro_2019_Black,smartphone,5.0,5.0,1.0
82,"E558K503B 日本制造15.6""全高清 手提電腦 i5-8250U 8GB 256GB SSD WIN10 Home",H0800001_S_E558K503B,laptop,3.0,3.0,1.0
83,T8 128GB（藍色）（香港行貨）,H5912001_S_ME0001_be,smartphone,1.0,1.0,1.0
84,ZenFone 4 Selfie (ZD553KL)(黑)  [平行進口],H0775001_S_ZF4SELBLK,smartphone,1.0,1.0,1.0
85,U12+ 6GB+128GB 黑色 香港行貨,H6588001_S_HTC_U12P_Black,smartphone,5.0,5.0,1.0
86,938SP 10寸通話平板電腦,H5683002_S_P2224,tablet,5.0,5.0,1.0
87,紅米 Note 7 4GB+64GB 亮黑色（平行進口）,H5300001_S_AXMM1901F7E4-64GBBK,smartphone,5.0,5.0,1.0
88,Galaxy S10+ 8GB+512GB 陶瓷白色 香港行貨,H6588001_S_Samsung_S10P_512_White,smartphone,5.0,5.0,1.0
89,香港行貨(珊瑚橙色)GALAXY A20 A205 3GB RAM 32GB ROM,H7007001_S_SAMA205H01OG01,smartphone,4.0,4.0,1.0
91,紅米 6 金色 4G 64G Rom (香港行貨，小米1年保養),H0610012_S_241-75-A00061-1,smartphone,5.0,5.0,1.0
92,Galaxy A70 8GB+128GB 黑色 香港行貨,H6588001_S_Samsung_A70_8_Black,smartphone,5.0,5.0,1.0
93,Caterpillar CAT S41 香港行貨一年保養,H5982001_S_cats41,smartphone,5.0,5.0,1.0
94,NEX 雙屏版 10+128GB-藍（香港行貨）,H5912001_S_VI0011,smartphone,5.0,5.0,1.0
95,2720 Flip 4G 功能手機 黑色 香港行貨,H6588001_S_Nokia_2720Flip_Black,smartphone,5.0,5.0,1.0
96,"NOTEBOOK FLASH 13.3"" Pentium N5000 筆記簿型電腦 NP530XBB-K02HK",H0762001_S_NP530XBB-K02HK-800160053,laptop,5.0,5.0,1.0
97,LENOVO IP S530-13IWL 手提筆記型電腦,S1076001_S_193268301191,laptop,5.0,5.0,1.0
98,Y7 Pro 2019 3GB+32GB 珊瑚紅 香港行貨,H6588001_S_Huawei_Y7_Pro_2019_Red,smartphone,5.0,5.0,1.0
101,Galaxy S10+ 8GB+128GB 幻鑽黑色 香港行貨,H6588001_S_Samsung_S10P_128_Black,smartphone,5.0,5.0,1.0
103,"ZenFone 3 Max 5.5"" ZC553KL (灰)(平行進口)",H0775001_S_30151GY,smartphone,5.0,5.0,1.0
104,Honor 8A 3GB+32GB 黑色（平行進口）,H5300001_S_AHUJAT-AL003-32GBBK,smartphone,1.0,1.0,1.0
106,8110 4G雙卡雙待雙核智能手機電話黃色,H6302001_S_w1000047,smartphone,1.0,1.0,1.0
107,Galaxy S10e 6GB+128GB 幻鑽黑色 香港行貨,H6588001_S_Samsung_S10e_Black,smartphone,5.0,5.0,1.0
108,Galaxy S10 8GB+128GB 幻鑽綠色 香港行貨,H6588001_S_Samsung_S10_128_Green,smartphone,5.0,5.0,1.0
109,"IdeaPad S340-14IWL 14"" IPS FHD i5-8265u 8G 256G+1TB SHARE Win10 Home",H6603001_S_IdeaPad_S340_14IWL_81N7007XHH,laptop,5.0,5.0,1.0
111,"iPhone 7 - 32GB, 二手9成新 (100%正常運作)(平行進口)",H6725001_S_i7_R_32_3A_U,smartphone,4.0,4.0,1.0
113,V15 Pro  6+128GB-藍（香港行貨）,H5912001_S_VI0012-be,smartphone,5.0,5.0,1.0
114,5.7吋全屏智能手機 K320t (黑色),H0972006_S_000163,smartphone,1.0,1.0,1.0
115,ONE PLUS 7 Pro 8+256GB-黑（平行進口）,H5912001_S_OP0010,smartphone,4.0,4.0,1.0
116,V15 Pro 6GB+128GB 水晶藍色 香港行貨,H6588001_S_Vivo_V15Pro_Blue,smartphone,5.0,5.0,1.0
117,V40 ThinQ 6GB+128GB 鉑鋼灰（平行進口）,H5300001_S_ALGV405EBW6-128GBNPGY,smartphone,5.0,5.0,1.0
118,P30 8GB+128GB 黑色 香港行貨,H6588001_S_Huawei_P30_Black,smartphone,5.0,5.0,1.0
119,Q6+ M700DSN Black 64GB-紫（香港行貨）,H5912001_S_LG0011-pr,smartphone,1.0,1.0,1.0
120,M5 Lite 8 LTE 3GB+32GB 平板電腦 深空灰色 香港行貨,H6588001_S_Huawei_M5_Lite_8_LTE,tablet,4.0,4.0,1.0
121,OnePlus 7 Pro 8GB+256GB 星霧藍色 平行進口 中國版,H6588001_S_OnePlus_7_8_256_NebulaBlue,smartphone,5.0,5.0,1.0
122,A1 32GB（黑色）（平行進口）,H5912001_S_Xa0015_bk,smartphone,1.0,1.0,1.0
124,iPhone SE A1723 128GB 金色（平行進口）,H5300001_S_AAEIPA1723128GBGD,smartphone,4.0,4.0,1.0
127,安博科技 UPAD PRO 4G（送套）,H6800001_S_BGT0026,tablet,5.0,5.0,1.0
128,Galaxy A70 6GB+128GB 白色 香港行貨,H6588001_S_Samsung_A70_6_White,smartphone,5.0,5.0,1.0
129,U12 Life 暮光紫 (4GB RAM + 64GB ROM),H0775012_S_htcu12ltwp,smartphone,5.0,5.0,1.0
131,紅米 7A 32GB 磨砂黑（平行進口）,H5300001_S_AXMM1903C3EG2-32GBMBK,smartphone,5.0,5.0,1.0
133,Galaxy A40s 6GB/64GB A3050 金色 (水貨),H6588002_S_Samsung_A40s_Gold_CN,smartphone,5.0,5.0,1.0
134,Y95 4GB+64GB 星夜黑 香港行貨,H6588001_S_Vivo_Y95_Black,smartphone,5.0,5.0,1.0
135,Galaxy S10 8GB+128GB 幻鑽白色 香港行貨,H6588001_S_Samsung_S10_128_White,smartphone,5.0,5.0,1.0
136,"iPhone SE - 64GB, 二手9成9新 (100%正常運作)(平行進口)",H6725001_S_iSE_W_64_1_U,smartphone,5.0,5.0,1.0
138,4G-LTE 8吋智能手機 - T8,H0972006_S_T8,smartphone,1.0,1.0,1.0
139,"小米平板 4 8.0"" LTE（一年保養）4+64GB 金色",H5300001_S_FXMM1806D9E464GBGD4,tablet,0.0,0.0,0.0
140,"Galaxy Tab A 10.1 "" WiFi T510 2GB+32GB 黑色（平行進口）",H5300001_S_FSAT510232GBBK,tablet,0.0,0.0,0.0
141,Tab S6 6GB+128GB Wi-Fi 平板電腦 T860 灰色 香港行貨,H6588001_S_Samsung_TabS6_WiFi_128_GY,tablet,0.0,0.0,0.0
142,"Galaxy Tab A 10.1 "" LTE T515 2GB+32GB 黑色（平行進口）",H5300001_S_FSAT5152-32GBBK,tablet,0.0,0.0,0.0
143,Galaxy Tab S5e (LTE) (T725),H0762001_S_Galaxy-Tab-S5e-LTE-T725-800670050,tablet,0.0,0.0,0.0
144,MediaPad M5 lite 平板 4+64GB（香港行貨）,H5912001_S_T0046,tablet,0.0,0.0,0.0
145,Galaxy Tab S5e (Wi-Fi),H0762001_S_Galaxy-Tab-S5e-Wifi-T720-800670048,tablet,0.0,0.0,0.0
146,Surface Pro 6 8代i7 16G 512 SSD 二合一平板電腦 Windows 10 專業版 (LQJ-00022) 送 實體鍵盤保護蓋,H5023002_S_LQJ-00022,tablet,0.0,0.0,0.0
147,Surface Pro 6 8代i7 16G 512 SSD 二合一平板電腦 Windows 10 專業版 (LQJ-00022) 送 實體鍵盤保護蓋,H5023002_S_LQJ-00022,laptop,0.0,0.0,0.0
148,"Honor Pad 2 8.0"" LTE（一年保養）32GB 金色",H5300001_S_FHUKOB-L0932GBGD4,tablet,0.0,0.0,0.0
149,"Galaxy Tab S5e 10.5"" Wi-Fi T720 4GB+64GB 黑色（平行進口）",H5300001_S_FSAT7204-64GBBK,tablet,0.0,0.0,0.0
150,Tab S5e 6GB+128GB WiFi 銀色 香港行貨,H6588001_S_Samsung_TabS5e_wifi_128GB_Silver,tablet,0.0,0.0,0.0
151,M5 Lite Wi-Fi 4GB+64GB 平板電腦 灰色 香港行貨,H6588001_S_Huawei_M5_Lite_Grey,tablet,0.0,0.0,0.0
152,"Galaxy Tab S5e 10.5"" LTE T725 4GB+64GB 銀色（平行進口）",H5300001_S_FSAT7254-64GBS,tablet,0.0,0.0,0.0
153,"Honor Pad 2 9.6"" LTE 3GB+32GB 金色（平行進口）",H5300001_S_FHUAGS-L0932GBGD4,tablet,0.0,0.0,0.0
154,行貨 最新15.6吋 4K UHD 超高清窄邊框可攜式 USB3.1 Type-C 一線通 供電螢幕 GS156UM 保養一年,S1235001_S_GS70101,tablet,0.0,0.0,0.0
155,Galaxy Tab A 8 with S Pen 3GB+32GB LTE 黑色 香港行貨,H6588001_S_Samsung_TabA_8_SPen_LTE_Black,tablet,0.0,0.0,0.0
156,"小米平板 4 8.0"" Wi-Fi 64GB 黑色（平行進口）",H5300001_S_FXMM1806D9W64GBBK4,tablet,0.0,0.0,0.0
157,"小米平板 4 8.0"" LTE（一年保養）4+64GB 黑色",H5300001_S_FXMM1806D9E464GBBK4,tablet,0.0,0.0,0.0
158,Yoga 920 8代 i5 8G (80Y7000NHH) - 開箱機,H5023001_S_80Y7000NHH,tablet,0.0,0.0,0.0
159,Yoga 920 8代 i5 8G (80Y7000NHH) - 開箱機,H5023001_S_80Y7000NHH,laptop,0.0,0.0,0.0
160,Tab S6 8GB+256GB Wi-Fi 平板電腦 T860 灰色 香港行貨,H6588001_S_Samsung_TabS6_WiFi_256_GY,tablet,0.0,0.0,0.0
161,M5 LTE 4GB+64GB 平板電腦 金色 香港行貨,H6588001_S_Huawei_M5_Gold,tablet,0.0,0.0,0.0
162,"小米平板 4 8.0"" Wi-Fi 64GB 金色（平行進口）",H5300001_S_FXMM1806D9W64GBGD,tablet,0.0,0.0,0.0
163,行貨 最新15.6吋輕觸式 4K UHD超高清窄邊框可攜式 USB3.1 Type-C 一線通 供電螢幕 GS156UT 保養一年,S1235001_S_GS70102,tablet,0.0,0.0,0.0
164,Lenovo TAB4 10 WIFI (TB-X304F) (2G+16G)  (ZA2J0063HK) - 全新機,H5023002_S_ZA2J0063HK,tablet,0.0,0.0,0.0
165,智能平板 P10 (TB-X705F WIFI) 黑色,H0775001_S_TB_X705F,tablet,0.0,0.0,0.0
166,Kamvas Pro 20,H6795001_S_Kamvaspro20,tablet,0.0,0.0,0.0
167,"TAB 4 8"" PLUS LTE 64GB 8704X-白(香港行貨)",H5912001_S_T0033_bk,tablet,0.0,0.0,0.0
168,平板4 8英寸平板電腦WIFI版 4G+64GB（平行進口）,H5912001_S_T0043_bk,tablet,0.0,0.0,0.0
169,智能平板 M10 (TB-X605L LTE) 黑色,H0775001_S_TB_X605L,tablet,0.0,0.0,0.0
170,Alldocube M8 32GB,H5189001_S_Alldocube-M8-32GB,tablet,0.0,0.0,0.0
171,Alldocube M5X 64GB,H5189001_S_Alldocube-M5X-64GB,tablet,0.0,0.0,0.0
172,安博科技 UPAD PRO 4G (台灣版),H6800001_S_BGT0027,tablet,0.0,0.0,0.0
173,"Honor Pad 5 10.1"" LTE (全網通版) 4GB+64GB 藍色（平行進口）",H5300001_S_FHUAGS2-AL00HN4-64GBB,tablet,0.0,0.0,0.0
174,X (64GB) (2.5K Super AMOLED 平板電腦) (原裝行貨),H0972006_S_cube_x_64gb,tablet,0.0,0.0,0.0
175,HS610,H6795001_S_HS610,tablet,0.0,0.0,0.0
176,"LENOVO TB-8504F TAB4 8""HD WIFI 平板電腦-BLACK",S1076001_S_191376165018,tablet,0.0,0.0,0.0
177,INSPIROY Q11K V2,H6795001_S_Q11v2,tablet,0.0,0.0,0.0
178,Tab S4 4GB+64GB LTE 黑色 香港行貨,H6588001_S_Samsung_TabS4_LTE_64GB_Black,tablet,0.0,0.0,0.0
179,LENOVO TAB M10 Qualcomm Snapdragon 平板電腦 SLATE BACK LTE,S1076001_S_192940573567,tablet,0.0,0.0,0.0
180,Lenovo TB-8704X TAB 4 8 Plus LTE (ZA2F0051HK) 平板電腦,S1076001_S_191376403783,tablet,0.0,0.0,0.0
181,RG910 - IP68防水防塵認證 / MIL-STD 810G防摔 / 可戴上手套或濕手操作平板電腦,H0972006_S_RG910,tablet,0.0,0.0,0.0
182,LENOVO TB-X705L TAB P10 LTE 平板電腦 BLACK,S1076001_S_192651498104,tablet,0.0,0.0,0.0
183,Galaxy Tab S4 WiFi 256GB - 黑色,H0762001_S_Tab-S4-Wifi-T830-256GB-BK-800670038,tablet,0.0,0.0,0.0
184,Alldocube X 128GB,H5189001_S_Alldocube-X-128GB,tablet,0.0,0.0,0.0
185,Tab S4 4GB+64GB LTE 灰色 香港行貨,H6588001_S_Samsung_TabS4_LTE_64GB_Gray,tablet,0.0,0.0,0.0
186,Kamvas Pro 22,H6795001_S_kamvaspro22,tablet,0.0,0.0,0.0
187,iPlay10 Pro 10.1英寸大屏娛樂平板電腦2019新款,H0972006_S_iplay10pro,tablet,0.0,0.0,0.0
188,Alldocube iPlay 7T,H5189001_S_Alldocube-iPlay7T,tablet,0.0,0.0,0.0
189,Alldocube iPlay 10 Pro,H5189001_S_Alldocube-iPlay10pro,tablet,0.0,0.0,0.0
190,Galaxy Tab S4 WiFi 64GB - 灰色,H0762001_S_Tab-S4-Wifi-T830-64GB-GY-800670036,tablet,0.0,0.0,0.0
191,"10.2-inch iPad Wi-Fi (2019), 32GB - 大空灰 #HK行貨",G5031001_S_MW742,tablet,0.0,0.0,0.0
192,"10.2-inch iPad Wi-Fi (2019), 128GB - 太空灰 #HK行貨",G5031001_S_MW772,tablet,0.0,0.0,0.0
193,10.2-inch iPad Wi-Fi + Cellular (2019) 128GB - 太空灰 #HK行貨,G5031001_S_MW6E2,tablet,0.0,0.0,0.0
194,"Swift 5 筆記型電腦 (15.6"", i5-8265U, 8GB RAM, 256GB SSD, Win 10) SF515-51T-570G",H0762001_S_Acer-SF515-51T-570G-007160305,laptop,0.0,0.0,0.0
195,"NOTEBOOK FLASH 13.3"" Pentium N5000 筆記簿型電腦 NP530XBB-K01HK",H0762001_S_NP530XBB-K01HK-WH,laptop,0.0,0.0,0.0
196,"13-inch MacBook Air, 1.6ghz i5, 128GB (2018), 太空灰 #HK VER.",G5031001_S_MRE82ZP,laptop,0.0,0.0,0.0
197,"Swift 3 筆記型電腦 (14"", i5-8265U, 8GB RAM, 256GB SSD, 1TB HDD, MX250, Win 10) SF314-56G-58MJ",H0762001_S_Acer-SF314-56G-58MJ-007160312,laptop,0.0,0.0,0.0
198,"Lenovo i7 ThinkPad T430 14"" i7-3540m / 8G ram / 256 SSD / Window 10 吋手提電腦 [官方翻新品]",H6997001_S_Lenovo_T430,laptop,0.0,0.0,0.0
199,"Swift 5 筆記型電腦 (14"", i5-8265U, 8GB RAM, 256GB SSD, Win 10) SF514-53T-505N",H0762001_S_Acer-SF514-53T-505N-007160300,laptop,0.0,0.0,0.0
200,"MacBook Air 13-inch, 1.6GHz dual-core Intel Core i5, 256GB (2018 年), 太空灰 #HK行貨",G5031001_S_APPMBA256_MRE92,laptop,0.0,0.0,0.0
201,LENOVO IP S130-14IGM (81J2001AHH) 手提筆記型電腦,S1076001_S_192940985186,laptop,0.0,0.0,0.0
202,"Lenovo 聯想 ThinkPad T430 i5-3320M CPU 8GB RAM, 320GB HD 手提電腦 notebook computer [官方認證翻新機]",H6997001_S_LENOVO_I5_T430,laptop,0.0,0.0,0.0
203,Pavilion 14-ce1030TX 5MX31PA#AB5- Pale Gold,H0661001_S_NBOHPA-14-ce1030TX,laptop,0.0,0.0,0.0
204,IdeaPad S145 14吋 i5 8G 256 SSD 手提電腦 (81MU00B7HH),H5023002_S_81MU00B7HH,laptop,0.0,0.0,0.0
205,IdeaPad 330s 14吋 8代i7 纖巧幼邊筆記型電腦 (81F4007BHH) - 全新機,H5023002_S_81F4007BHH,laptop,0.0,0.0,0.0
206,"NOTEBOOK FLASH 13.3"" Pentium N5000 筆記簿型電腦 NP530XBB-K03HK",H0762001_S_NP530XBB-K03HK-800160054,laptop,0.0,0.0,0.0
207,XPS15-7590-R1740H-S-W10,H6934001_S_XPS15-7590-R1740H-S-W10,laptop,0.0,0.0,0.0
208,LENOVO IDEACENTRE 510S-07ICB (90K800CVHH) 桌上型電腦      ,S1076001_S_31P90K800CVHH,laptop,0.0,0.0,0.0
209,"A315 15.6"" FHD i3-8145u 8G 128G+1TB SHARE Win10 Home",H6603001_S_A315_54_33GC_NXHEFCF001,laptop,0.0,0.0,0.0
210,"LIFEBOOK S937K501 白色 日本制造手提電腦 13.3"" FHD i5 8GB 256GB WIN10 Pro 1.19Kg",H0800001_S_S937K501W,laptop,0.0,0.0,0.0
211,"E558X503B1 日本制造15.6""手提電腦",H0800001_S_E558X503B1,laptop,0.0,0.0,0.0
212,14-ck0110TU 5EF56PA#AB5- Scarlet Red,H0661001_S_NBOHPA-14-ck0110TU,laptop,0.0,0.0,0.0
213,"AVITA 13"" N4200 手提電腦 (丁香紫)",H5899002_S_NS13A1HK089P,laptop,0.0,0.0,0.0
214,"Swift 5 筆記型電腦 (15.6"", i5-8265U, 8GB RAM, 256GB SSD, Win 10) SF515-51T-57PL",H0762001_S_Acer-SF515-51T-57PL-007160304,laptop,0.0,0.0,0.0
215,"IdeaPad_S130-14IGM 14"" HD N5000 4G 128G SHARE Win10 Home (灰色)",H6603001_S_IdeaPad_S130_14IGM_81J2001AHH,laptop,0.0,0.0,0.0
216,"IdeaPad_S130-14IGM 14"" HD N5000 4G 128G SHARE Win10 Home (藍色)",H6603001_S_IdeaPad_S130_14IGM_81J2001CHH,laptop,0.0,0.0,0.0
217,RLB-101_W,H6603001_S_REMAX_RLB-101_W,laptop,0.0,0.0,0.0
218,13 吋 MacBook Air 1.8GHz 處理器 128GB 儲存空間 (選取除舊服務),H5866001_S_MQD32ZPAPPLECARE,laptop,0.0,0.0,0.0
219,"ASUS E203MA 11.6"" HD N4000 4G 128G WIN10 Home (粉紅色)",H6603001_S_ASUS_E203MA_PE4005T,laptop,0.0,0.0,0.0
220,"ASUS E203MA 11.6"" HD N4000 4G 128G WIN10 Home (白色)",H6603001_S_ASUS_E203MA_WE4003T,laptop,0.0,0.0,0.0
221,Lenovo 聯想 ThinkPad T430 i7-3320M CPU 16GB RAM 256GB SSD 手提電腦 notebook computer [官方認證翻新機],H6997001_S_LENOVO_I7_T430_16GB,laptop,0.0,0.0,0.0
222,"SF114 14"" FHD N5000 4G 128G SHARE Win10 S mode (金色)",H6603001_S_Aspire_SF114_32_P7FY_NX_GXTCF_003,laptop,0.0,0.0,0.0
223,U728U5B 日本制造手提電腦[HKTVmall獨家3年保養] i5-8250 8GB 256GB WIN10 Home 1.12Kg,H0800001_S_U728U5B,laptop,0.0,0.0,0.0
224,"NP900X3J-K02HK 13.3"" FHD i5-7200u 8G 256G SHARE Win10 Home (銀色)",H6603001_S_Samsung_NP900X3J_K02HK,laptop,0.0,0.0,0.0
225,LENOVO C340-14IWL (81N4003LHH) 手提電腦,S1076001_S_193386316664,laptop,0.0,0.0,0.0
226,"ASUS E203MA 11.6"" HD N4000 4G 128G WIN10 Home (灰色)",H6603001_S_ASUS_E203MA_AE4001T,laptop,0.0,0.0,0.0
227,DisplayLink USB-C 5K輸出多功能擴展基座 60W PD USB-PD 供電 HDMI / DisplayPort 雙4K輸出,H6781001_S_WL-UG69PD2,laptop,0.0,0.0,0.0
228,"ASUS UX431FN-SP8201T 14"" IPS 1920x1080 i5-8265u 8G 256G MX150-2G Win10 Home",H6603001_S_ASUS_UX431FN_SP8201T,laptop,0.0,0.0,0.0
229,"NP530XBB-K02 13.3"" FHD N5000 4G 128G SHARE Win10 Home (黑色)",H6603001_S_Samsung_NP530XBB_K03HK,laptop,0.0,0.0,0.0
230,"AVITA 12.5"" i5-7Y54 手提電腦 (花漾粉紅)",H5899002_S_NS12A1HK002P,laptop,0.0,0.0,0.0
231,ThinkPad X270 i5 輕便商務手提電腦 (20HN0041HH) - 開箱機,H5023001_S_20HN0041HH,laptop,0.0,0.0,0.0
232,"15 R4 (i9/32G/1T+512G/GTX1080MQ/15.6"")",H0661010_S_ALW15C-R5982U-S-W10,laptop,0.0,0.0,0.0
233,P728UT501B 日本制造手提電腦[HKTVmall獨家3年保養] i5-8250 8GB 256GB WIN10 Home 360° Foldable 2 in 1 device,H0800001_S_P728T501B,laptop,0.0,0.0,0.0
234,"Swift 3 筆記型電腦 (14"", i5-8265U, 8GB RAM, 125GB SSD, 1TB HDD, MX150, Win 10) SF314-56G-51AX",H0762001_S_Acer-SF314-56G-51AX-007160311,laptop,0.0,0.0,0.0
235,Latitude 3400 i5-8265U/8G/256G SSD (現貨),H6202001_S_Lat3490-i5-8G-256GSSD,laptop,0.0,0.0,0.0
236,"NP530XBB-K02 13.3"" FHD N5000 4G 128G SHARE Win10 Home (粉紅色)",H6603001_S_Samsung_NP530XBB_K02HK,laptop,0.0,0.0,0.0
237,"NP900X3J-K01HK 13.3"" FHD i7-7500u 8G 512G SHARE Win10 Home (銀色)",H6603001_S_Samsung_NP900X3J_K01HK,laptop,0.0,0.0,0.0
238,"NP530XBB-K01 13.3"" FHD N5000 4G 128G SHARE Win10 Home  (白色)",H6603001_S_Samsung_NP530XBB_K01HK,laptop,0.0,0.0,0.0
239,5K Dual 4K DisplayLink USBC 多功能擴展基座 HDMI / DisplayPort 輸出 千兆網口 USB hub UG69DK1 原裝行貨 一年保養,H6781001_S_WL-UG69DK1,laptop,0.0,0.0,0.0
240,"15 R4 (i7/16G/1T+256G/GTX1070OC/15.6"")",H0661010_S_ALW15C-R5782-B-W10,laptop,0.0,0.0,0.0
241,IDEAPAD 330S-15IKB  筆記型電腦,S1076001_S_192940033245,laptop,0.0,0.0,0.0
242,"SF515 15.6"" IPS FHD i5-8265u 8G 256G SHARE Win10 Home (藍色)",H6603001_S_Acer_SF515_51T_570G_NX_H69CF_001,laptop,0.0,0.0,0.0
243,MSI GF63 8RC 電競筆電,H6628001_S_GF63-8SC,laptop,0.0,0.0,0.0
244,IdeaPad S145 14吋 獨顯 i5 8G 256 SSD 手提電腦 (81MU00B8HH),H5023002_S_81MU00B8HH,laptop,0.0,0.0,0.0
245,ST-PLUS-X01 15.6吋 專業電競筆電 i7-7700HQ GTX1050 256GB SSD + 1000GB HDD,H0800001_S_ST-PLUS-X01,laptop,0.0,0.0,0.0
246,"Inspiron 13-5370 Pink (i3/8G/256G/13.3"" IPS)",H0661010_S_13L-R2500-P-W10,laptop,0.0,0.0,0.0
247,"AVITA 13"" N4200 手提電腦 (澄空藍  )",H5899002_S_NS13A1HK093P,laptop,0.0,0.0,0.0
248,C340-14IWL (81N4005FHH) 筆記型電腦,S1076001_S_193386457664,laptop,0.0,0.0,0.0
249,C340-14IWL (81N4005FHH) 筆記型電腦,S1076001_S_193386457664,laptop,0.0,0.0,0.0
250,"Swift 3 筆記型電腦 (14"", i5-8265U, 8GB RAM, 512GB SSD, MX250, Win10 Home) SF314-55G-59BG",H0762001_S_Acer-SF314-55G-59BG-007160326,laptop,0.0,0.0,0.0
251,"Inspiron 13-5370 Silver (i3/8G/256G/13.3"" IPS)",H0661010_S_13L-R2500-S-W10,laptop,0.0,0.0,0.0
252,"U758K501B 日本制造手提電腦 15.6"" 4K Mon  i5-8250 8GB 256GB WIN10 Home",H0800001_S_U758K501B,laptop,0.0,0.0,0.0
253,LENOVO L340-15IWL (81LG00GQHH) 手提電腦,S1076001_S_193386930013,laptop,0.0,0.0,0.0
254,"AVITA 12.5"" i5-7Y54 手提電腦 (天使藍)",H5899002_S_NS12A1HK001P,laptop,0.0,0.0,0.0
255,"AVITA 13"" M3-7Y30 手提電腦 (都市紅 )",H5899002_S_NS13A1HK008P,laptop,0.0,0.0,0.0
256,"Inspiron 15-7580 (i5/8G/1T+128G/MX250/15.6"")",H0661010_S_15KMLK-R2522H-S-W10,laptop,0.0,0.0,0.0
257,"AVITA 12.5"" i5-7Y54 手提電腦 (丁香紫)",H5899002_S_NS12A1HK003P,laptop,0.0,0.0,0.0
258,"Swift 3 筆記型電腦 (13.3"", i5-8250U, 8GB RAM, 512GB SSD, Win10 Home) SF313-51-52CA",H0762001_S_Acer-SF313-51-52CA-007160323,laptop,0.0,0.0,0.0
259,Blade15-i7-RTX2060 電競筆電,H6628001_S_Blade15-i7-RTX2060,laptop,0.0,0.0,0.0
260,"U938T701B 日本制造13.3""手提電腦",H0800001_S_U938T701B,laptop,0.0,0.0,0.0
261,YOGA S730 13.3吋 8代i7 多模式鋁金屬纖薄電腦 (81J0002UHH) - 全新機,H5023002_S_81J0002UHH,laptop,0.0,0.0,0.0
262,"13-inch MacBook Pro, 2.4GHz i5, 256GB (2019) - 銀色 #HK行貨",G5031001_S_MV992,laptop,0.0,0.0,0.0
263,"2018 MacBook Pro 15"" 觸控欄 256GB 太空灰",H5866001_S_MR932ZP,laptop,0.0,0.0,0.0
264,XPS15-9570-R1542-S-W10P,H6934001_S_XPS15-9570-R1542-S-W10P,laptop,0.0,0.0,0.0
265,"Notebook 5 筆記型電腦 (15.6"", i7-8565U, 16GB RAM, 1TB HDD, 256GB SSD, MX150, Win10 Home) NP550XBE-X01HK",H0762001_S_NP550XBE-X01HK-800160315,laptop,0.0,0.0,0.0
266,GT75-8SG-4K-I9,H6628001_S_GT7-8SG-4K-I9,laptop,0.0,0.0,0.0
267,MSI GF63 8RD 窄邊框電競筆電,H6628001_S_GF63-8RD,laptop,0.0,0.0,0.0
268,"17 R5 (i7/16G/1T+256G/GTX1060OC/17.3"")",H0661010_S_ALW17C-R5762-S-W10,laptop,0.0,0.0,0.0
269,"Inspiron 15-7580 (i7/8G/1T+128G/MX250/15.6"")",H0661010_S_15KMLK-R2722-S-W10,laptop,0.0,0.0,0.0
270,PS42-MODERN-8MO-I5,H6628001_S_PS42-8MO,laptop,0.0,0.0,0.0
271,"Area-51m(i9/32G/RAID0@1T+1T/RTX2080/17.3"")",H0661010_S_ALWA51M-R1982-W-W10,laptop,0.0,0.0,0.0
272,ThinkPad X390 13.3吋 8代i7 16G 極致靈巧商務手提電腦 (20Q0S05E00) - 全新機,H5023002_S_20Q0S05E00,laptop,0.0,0.0,0.0
273,IP S530-13IWL (81J7001MHH) 手提筆記型電腦,S1076001_S_193268289352,laptop,0.0,0.0,0.0
274,"SF515 15.6"" IPS FHD i7-8565u 16G 512G SHARE Win10 Home (銀色)",H6603001_S_Acer_SF515_51T_7024_NX_H7QCF_002,laptop,0.0,0.0,0.0
275,Yoga 920 8代 i7 星球大戰特別版(銀河帝國) (80Y8001WHH) - 開箱機,H5023001_S_80Y8001WHH,laptop,0.0,0.0,0.0
276,"XPS13-9380 (i5/8G/256G SSD/13.3"")",H0661010_S_XPS13-9380-R1500-S-W10,laptop,0.0,0.0,0.0
277,"2018 MacBook Pro 13"" 觸控欄 256GB 銀色",H5866001_S_MR9U2ZP,laptop,0.0,0.0,0.0
278,Yoga 920 8代 i7 星球大戰特別版(反抗軍) (80Y8001XHH) - 開箱機,H5023001_S_80Y8001XHH,laptop,0.0,0.0,0.0
279,LENOVO L340-17IWL (81M0005MHH) 手提電腦,S1076001_S_193638388005,laptop,0.0,0.0,0.0
280,"XPS13-9380 (i7/8G/256G SSD/13.3"")",H0661010_S_XPS13-9380-R1700-S-W10,laptop,0.0,0.0,0.0
281,Latitude 3400 i5-8265U/8G/256G SSD (現貨),H6202001_S_Lat3400-i5-8G-256GSSD,laptop,0.0,0.0,0.0
282,"AVITA 12.5"" i5-7Y54 手提電腦 (澄空藍  )",H5899002_S_NS12A1HK005P,laptop,0.0,0.0,0.0
283,"2018 MacBook Pro 13"" 觸控欄 512GB 銀色連 AppleCare+ 3年保養服務",H5866001_S_MR9V2ZPAC,laptop,0.0,0.0,0.0
284,"SF515 15.6"" IPS FHD i5-8265u 8G 256G SHARE Win10 Home (銀色)",H6603001_S_Acer_SF515_51T_57PL_NX_H7QCF_001,laptop,0.0,0.0,0.0
285,"ASUS UX431FN-SP8502T 14"" IPS 1920x1080 i7-8565u 16G 512G MX150-2G Win10 Home",H6603001_S_ASUS_UX431FN_SP8502T,laptop,0.0,0.0,0.0
286,Yoga 720 7代 i5 方便易攜效能強勁筆電 (80X6000WHH) - 全新機,H5023002_S_80X6000WHH_BN,laptop,0.0,0.0,0.0
287,LENOVO S145-14IWL (81MU00B7HH) 手提電腦,S1076001_S_193638012245,laptop,0.0,0.0,0.0
288,IdeaPad 330-17IKB (81DM005PHH) 手提電腦【入優惠碼 “R4CP350” 即時再減】,H5899001_S_81DM005PHH,laptop,0.0,0.0,0.0
289,"Notebook 7 筆記型電腦 (15.6"", i7-8565U, 16GB RAM, 512GB SSD, MX250, Win10 Home) NP750XBE-X02HK",H0762001_S_NP750XBE-X02HK-800160317,laptop,0.0,0.0,0.0
290,LENOVO S340-14IWL (81N7007VHH) 手提電腦,S1076001_S_193386457251,laptop,0.0,0.0,0.0
291,LENOVO L340-17IWL (81M0005QHH) 手提電腦,S1076001_S_193638388029,laptop,0.0,0.0,0.0
292,LENOVO L340-15IWL (81LG00HPHH) 手提電腦,S1076001_S_193638012238,laptop,0.0,0.0,0.0
293,MSI GS75 Stealth 9SD 電競筆電,H6628001_S_GS75-9SD,laptop,0.0,0.0,0.0
294,GE63 RAIDER RGB 8SE,H6628001_S_GE63-8SE,laptop,0.0,0.0,0.0
295,"AVITA 12.5"" i5-7Y54 手提電腦 (烗彩綠)",H5899002_S_NS12A1HK004P,laptop,0.0,0.0,0.0
296,"XPS13-9380 (i7/16G/512G SSD/13.3"")",H0661010_S_XPS13-9380-R1700HW-W-W10,laptop,0.0,0.0,0.0
297,"Notebook 7 筆記型電腦 (15.6"", i5-8265U, 8GB RAM, 256GB SSD, MX250, Win10 Home) NP750XBE-X01HK",H0762001_S_NP750XBE-X01HK-800160316,laptop,0.0,0.0,0.0
298,13 吋 MacBook Pro 2.3GHz 處理器 256GB 儲存空間 銀色 (選取除舊服務),H5866001_S_MPXU2ZP,laptop,0.0,0.0,0.0
299,XPS15-7590-R1940UO-S-W10,H6934001_S_XPS15-7590-R1940UO-S-W10,laptop,0.0,0.0,0.0
300,"(14"" i5 8GB 256GB SSD Win10 Pro) Nexstgo NX101 筆記簿型電腦 (NP14N1HK001P)",H0762001_S_NP14N1HK001P-140160067,laptop,0.0,0.0,0.0
301,"2018 MacBook Pro 15"" 觸控欄 512GB 銀色連 AppleCare+ 3年保養服務",H5866001_S_MR972ZPAC,laptop,0.0,0.0,0.0
302,DisplayLink USB-C 5K輸出多功能擴展基座 HDMI / DisplayPort 雙4K輸出 千兆網口,H6781001_S_WL-UG69DK7,laptop,0.0,0.0,0.0
303,"Area-51m(i7/16G/1T+256G/RTX2060/17.3"")",H0661010_S_ALWA51M-R1762-B-W10,laptop,0.0,0.0,0.0
304,Gigabyte AORUS 5,H5189001_S_AORUS5,laptop,0.0,0.0,0.0
305,Gigabyte AORUS 15-SA,H5189001_S_AORUS15-SA,laptop,0.0,0.0,0.0
306,Inspiron 14 3480 黑色,H6934001_S_Ins3480-R1300HD-S-W10,laptop,0.0,0.0,0.0
307,"Area-51m(i9/32G/RAID0@1T+1T/RTX2080/17.3"")",H0661010_S_ALWA51M-R1982-B-W10,laptop,0.0,0.0,0.0
308,IdeaPad 330-17IKB (81DM005NHH) 手提電腦,H5899001_S_81DM005NHH,laptop,0.0,0.0,0.0
309,ALWA51M-R1982-W-W10,H6934001_S_ALWA51M-R1982-W-W10,laptop,0.0,0.0,0.0
310,PS42-MODERN-8RC I7,H6628001_S_PS42-8RC,laptop,0.0,0.0,0.0
311,"XPS13-9380 (i7/8G/256G M.2 SSD/13.3"")",H0661010_S_XPS13-9380-R1700W-W-W10,laptop,0.0,0.0,0.0
312,Gigabyte AORUS 15-XA,H5189001_S_AORUS15-XA,laptop,0.0,0.0,0.0
313,P65-9SE-4K,H6628001_S_P65-9SE-4K,laptop,0.0,0.0,0.0
314,Gigabyte AORUS 7,H5189001_S_AORUS7,laptop,0.0,0.0,0.0
315,"MSI GS65 Stealth 8SF (GeForce® RTX2070 with Max-Q Design, 8GB GDDR6) Gaming Notebook",H6629001_S_MS-NB-GS658SF-I7-16GS-207,laptop,0.0,0.0,0.0
316,LENOVO L340-15IRH (81LK004CHH) 手提電腦,S1076001_S_193386667605,laptop,0.0,0.0,0.0
317,"2018 MacBook Pro 13"" 觸控欄 512GB 太空灰連AppleCare+ 3年保養服務",H5866001_S_MR9R2ZPAC,laptop,0.0,0.0,0.0
318,"13-inch MacBook Pro, 2.4GHz i5, 512GB (2019) - 太空灰 #HK行貨",G5031001_S_MV972,laptop,0.0,0.0,0.0
319,PS63-MODERN-8RC,H6628001_S_PS63-8M,laptop,0.0,0.0,0.0
320,GT75 Titan 9SG i9 電競筆電,H6628001_S_GT75-9SG-i9,laptop,0.0,0.0,0.0
321,Gigabyte AERO 15 XA i7 240Hz,H5189001_S_AERO15-XA-i7-240Hz,laptop,0.0,0.0,0.0
322,LENOVO IDEACENTRE A340-22ICB (PF0E9006QHH) 手提電腦,S1076001_S_31PF0E9006QHH,laptop,0.0,0.0,0.0
323,Legion Y720 i7 16G 強勁遊戲手提電腦 (80VR00AQHH) - 全新機,H5023002_S_80VR00AQHH_BN,laptop,0.0,0.0,0.0
324,MSI GS65 8SE Stealth 電競輕薄筆電,H6628001_S_GS65-8RE,laptop,0.0,0.0,0.0
325,GS75 Stealth 9SG 電競筆電,H6628001_S_GS75-9SG,laptop,0.0,0.0,0.0
326,MSI GS75 Stealth 9SE 電競筆電,H6628001_S_GS75-9SE,laptop,0.0,0.0,0.0
327,"M15 (i7/16G/1T+256G/RTX2060/15.6"")",H0661010_S_ALW15M-R2762-S-W10,laptop,0.0,0.0,0.0
328,P65-CREATOR-9SF,H6628001_S_P65-9SF,laptop,0.0,0.0,0.0
329,"MSI GS65 Stealth 8SE (GeForce® RTX 2060 ,GDDR6 6GB) Gaming Notebook",H6629001_S_MS-NC-GS658SE-I7-16GS-206,laptop,0.0,0.0,0.0
330,"M15 (i9/32G/1T/RTX2080/15.6"")",H0661010_S_ALW15M-R2980-S-W10,laptop,0.0,0.0,0.0
331,"Notebook 7 Force 筆記型電腦 (15.6"", i7-8565U, 16GB RAM, 512GB SSD, GTX1650, Win10 Home) NP760XBE-X01HK",H0762001_S_NP760XBE-X01HK-800160318,laptop,0.0,0.0,0.0
332,(15 MX150 i7 8GB 256GB NVMe SSD Win10) Notebook 9 Always (NP950XBE-X01HK) 筆記簿型電腦,H0762001_S_NP950XBE-X01HK-800160311,laptop,0.0,0.0,0.0
333,"2018 MacBook Pro 15"" 觸控欄 512GB 太空灰",H5866001_S_MR942ZP,laptop,0.0,0.0,0.0
334,"2018 MacBook Pro 15"" 觸控欄 512GB 太空灰連 AppleCare+ 3年保養服務",H5866001_S_MR942ZPAC,laptop,0.0,0.0,0.0
335,"2018 MacBook Pro 15"" 觸控欄 256GB 銀色連 AppleCare+ 3年保養",H5866001_S_MR962ZPAC,laptop,0.0,0.0,0.0
336,"2018 MacBook Pro 13"" 觸控欄 512GB 太空灰",H5866001_S_MR9R2ZP,laptop,0.0,0.0,0.0
337,"2018 MacBook Pro 13"" 觸控欄 256GB 銀色 AppleCare+ 3年保養",H5866001_S_MR9U2ZPAC,laptop,0.0,0.0,0.0
338,"13-inch MacBook Pro, 2.4GHz i5, 256GB (2019) - 太空灰 #HK行貨",G5031001_S_MV962,laptop,0.0,0.0,0.0
339,ALWA51M-R1782H-B-W10,H6934001_S_ALWA51M-R1782H-B-W10,laptop,0.0,0.0,0.0
340,Gigabyte AERO 15 OLED-YA,H5189001_S_AERO15-YA,laptop,0.0,0.0,0.0
341,Gigabyte AERO 15 OLED-XA i7,H5189001_S_AERO15-XA-i7,laptop,0.0,0.0,0.0
342,Gigabyte AERO 17 WA 144Hz,H5189001_S_AERO-17-WA,laptop,0.0,0.0,0.0
343,Gigabyte AERO 17 SA 144Hz,H5189001_S_AERO-17-SA,laptop,0.0,0.0,0.0
344,Inspiron 14 3480 銀色,H6934001_S_Ins3480-R1300HD-B-W10,laptop,0.0,0.0,0.0
345,"MSI GS75 Stealth 8SE (GeForce® RTX 2060 ,GDDR6 6GB) Gaming Notebook",H6629001_S_MS-NB-GS758SE-I7-16GS-206,laptop,0.0,0.0,0.0
346,"M15 (i9/32G/1T/RTX2080/15.6"")",H0661010_S_ALW15M-R2980-R-W10,laptop,0.0,0.0,0.0
347,ThinkPad X390 13.3吋 8代i5 16G 極致靈巧商務手提電腦 (20Q0S05D00) - 全新機,H5023002_S_20Q0S05D00,laptop,0.0,0.0,0.0
348,13 吋 MacBook Pro 2.3GHz 處理器 256GB 儲存空間 銀色 (選取除舊服務),H5866001_S_MPXT2ZPAPPLECARE,laptop,0.0,0.0,0.0
349,"2018 MacBook Pro 15"" 觸控欄 256GB 太空灰 AppleCare+ 3年保養服務",H5866001_S_MR932ZPAC,laptop,0.0,0.0,0.0
350,"2018 MacBook Pro 15"" 觸控欄 512GB 銀色",H5866001_S_MR972ZP,laptop,0.0,0.0,0.0
351,"2018 MacBook Pro 13"" 觸控欄及 Touch ID 銀色",H5866001_S_MR9V2ZP,laptop,0.0,0.0,0.0
352,GT75 Titan 9SF i7 電競筆電,H6628001_S_GT75-9SF,laptop,0.0,0.0,0.0
353,IdeaPad Y900-17ISK 4核心 Core i7 配GTX980M-8GB電競手提電腦(80Q10058HH) - 高質開盒產品,H5023001_S_80Q10058HH,laptop,0.0,0.0,0.0
354,IdeaPad Y900-17ISK 4核心 Core i7 配GTX980M-8GB電競手提電腦(80Q10058HH) - 高質開盒產品,H5023001_S_80Q10058HH,laptop,0.0,0.0,0.0
355,"2018 MacBook Pro 15"" 觸控欄 256GB 銀色",H5866001_S_MR962ZP,laptop,0.0,0.0,0.0
356,P65-CREATOR-9SF-4K,H6628001_S_P65-9SF-4K,laptop,0.0,0.0,0.0
357,GT75 Titan 9SG - i7 電競筆電,H6628001_S_GT75-9SG-i7,laptop,0.0,0.0,0.0
358,"Area-51m(i7/16G/1T+256G/RTX2060/17.3"")",H0661010_S_ALWA51M-R1762-W-W10,laptop,0.0,0.0,0.0
359,P75-CREATOR 9SF-4K-I9,H6628001_S_P75-9SF-4K-I9,laptop,0.0,0.0,0.0
360,GT75-TITAN-8SG-4K,H6628001_S_GT75-8SG-4K,laptop,0.0,0.0,0.0
361,Gigabyte AERO 15 Classic-SA,H5189001_S_AERO15-classic-SA,laptop,0.0,0.0,0.0
362,Gigabyte AERO 17 XA 144Hz,H5189001_S_AERO-17-XA,laptop,0.0,0.0,0.0
363,"M15 (i7/16G/1T+256G/RTX2070/15.6"")",H0661010_S_ALW15M-R2782-R-W10,laptop,0.0,0.0,0.0
364,"Area-51m(i7/16G/1T+256G/RTX2070/17.3"")",H0661010_S_ALWA51M-R1782-W-W10,laptop,0.0,0.0,0.0
365,"M17 (i9/16G/1T+512G/RTX2080/17.3""UHD)",H0661010_S_ALWM17-R1982-S-W10,laptop,0.0,0.0,0.0
366,LENOVO IDEACENTRE 510S-07ICB (90K800CEHH) 桌上型電腦       ,S1076001_S_90K800CEHH,laptop,0.0,0.0,0.0
367,LENOVO IDEACENTRE 510S-07ICB (90K800CUHH)桌上型電腦       ,S1076001_S_31P90K800CUHH,laptop,0.0,0.0,0.0
368,ALWA51M-R1782-W-W10,H6934001_S_ALWA51M-R1782-W-W10,laptop,0.0,0.0,0.0
369,ALWA51M-R1762-B-W10,H6934001_S_ALWA51M,laptop,0.0,0.0,0.0
370,GT75-8SG,H6628001_S_GT75-8SG,laptop,0.0,0.0,0.0
371,GE63-RAIDER-RGB-8SG,H6628001_S_GE63-8SG,laptop,0.0,0.0,0.0
372,Gigabyte AERO 15 OLED-XA i9,H5189001_S_AERO15-XA-i9,laptop,0.0,0.0,0.0
373,Gigabyte AERO 15 Classic-XA i7,H5189001_S_AERO15-classic-XA-i7,laptop,0.0,0.0,0.0
374,Inspiron 13 7000 2 合1 7386,H6934001_S_Ins7386-R1500T-S-W10,laptop,0.0,0.0,0.0
375,Inspiron 14 5000 2 合 1 i5,H6934001_S_Ins5482-R1520T-S-W10,laptop,0.0,0.0,0.0
376,"M15 (i7/16G/1T+512G/RTX2080/15.6"")",H0661010_S_ALW15M-R2782H-R-W10,laptop,0.0,0.0,0.0
377,"Area-51m(i7/16G/1T+256G/RTX2070/17.3"")",H0661010_S_ALWA51M-R1782-B-W10,laptop,0.0,0.0,0.0
378,"M17 (i7/16G/1T+256G/RTX2060/17.3"")",H0661010_S_ALWM17-R1762-S-W10,laptop,0.0,0.0,0.0
379,"M17 (i9/16G/1T+512G/RTX2080/17.3""UHD)",H0661010_S_ALWM17-R1982-R-W10,laptop,0.0,0.0,0.0
380,LENOVO IDEACENTRE A340-22ICB (PF0E9006LHH) 桌面電腦,S1076001_S_31PF0E9006LHH,laptop,0.0,0.0,0.0
381,14-ck0147TU 7NU36PA#AB5- 暖金色,H0661001_S_NBOHPA-14-ck0147TU,laptop,0.0,0.0,0.0
382,"M15 (i7/16G/1T+256G/RTX2060/15.6"")",H0661010_S_ALW15M-R2762-R-W10,laptop,0.0,0.0,0.0
383,"Area-51m(i7/16G/1T_RAID/RTX2080/17.3"")",H0661010_S_ALWA51M-R1782H-B-W10,laptop,0.0,0.0,0.0
384,"Area-51m(i7/16G/RAID0@1T/RTX2080/17.3"")",H0661010_S_ALWA51M-R1782H-W-W10,laptop,0.0,0.0,0.0
385,"M17 (i7/16G/1T+512G/RTX2080/17.3"")",H0661010_S_ALWM17-R1782H-S-W10,laptop,0.0,0.0,0.0
386,"Odyssey 2 筆記型電腦 (15.6"", 7-8750H, 16GB, 1TB HDD, 512GB SSD, RTX2060, Win10 Home) NP850XBC-X01HK",H0762001_S_NP850XBC-X01HK-800160319,laptop,0.0,0.0,0.0
387,(13.3 i5 8GB 256GB NVMe SSD Win10) Notebook 9 Always (NP930XBE-K01HK) 筆記簿型電腦,H0762001_S_NP930XBE-K01HK-800160308,laptop,0.0,0.0,0.0
388,GT75 Titan 9SF i7 4K 電競筆電,H6628001_S_GT75-9SF-i7-4K,laptop,0.0,0.0,0.0
389,GT75 Titan 9SG  - i7 4K 電競筆電,H6628001_S_GT75-9SG-i7-4K,laptop,0.0,0.0,0.0
390,GE75-Raider-9SG,H6628001_S_GE75-9SG,laptop,0.0,0.0,0.0
391,Gigabyte AERO 15 OLED-SA,H5189001_S_AERO15-SA,laptop,0.0,0.0,0.0
392,Gigabyte AERO 15-X9 i7,H5189001_S_AORUS15-X9-i7,laptop,0.0,0.0,0.0
393,Gigabyte AERO 15 Classic-WA,H5189001_S_AERO15-classic-WA,laptop,0.0,0.0,0.0
394,Ins5488-R1500-S-W10,H6934001_S_Ins5488-R1500-S,laptop,0.0,0.0,0.0
395,HP Pavilion 15-cs1074TX 5MX24PA#AB5 寶石藍色,H0661001_S_NBOHPA-15-cs1074TX,laptop,0.0,0.0,0.0
396,HP Pavilion 15-cs1074TX 5MX24PA#AB5 寶石藍色,H0661001_S_NBOHPA-15-cs1074TX,laptop,0.0,0.0,0.0
397,XPS13-9380-R1700W-3Y,H6934001_S_XPS13-9380-R1700W-3Y,laptop,0.0,0.0,0.0
398,Ins5580-R2520-S,H6934001_S_Ins5580-R2520-S,laptop,0.0,0.0,0.0
399,G3590-R1740GB,H6934001_S_G3590-R1740GB,laptop,0.0,0.0,0.0
400,Dell G3 15 遊戲專用筆記型電腦 G3590-R1540GB,H6934001_S_G3590-R1540GB,laptop,0.0,0.0,0.0
401,XPS13-7390-R1700L-W,H6934001_S_XPS13-7390-R1700L-W,laptop,0.0,0.0,0.0
402,Dell G5 15 遊戲專用筆記型電腦 G5-R1762C,H6934001_S_G5590-R1762C,laptop,0.0,0.0,0.0
403,ins7591-R1540,H6934001_S_ins7591-R1540,laptop,0.0,0.0,0.0
404,"E559K501 日本制造15.6""全高清 手提電腦 i5-8265U 8GB 512GB SSD Win10 Home",H0800001_S_E559K501,laptop,0.0,0.0,0.0
405,"E559K503 日本制造15.6""全高清 手提電腦 i5-8265U 12GB 512GB SSD Win10 專業版",H0800001_S_E559K503,laptop,0.0,0.0,0.0
406,"E559K703 日本制造15.6""全高清 手提電腦 i7-8565U 12GB 512GB SSD Win10 專業版",H0800001_S_E559K703,laptop,0.0,0.0,0.0
407,"E559K701 日本制造15.6""全高清 手提電腦 i7-8565U 8GB 512GB SSD Win10 Home",H0800001_S_E559K701,laptop,0.0,0.0,0.0
408,U939K701 終極便攜 13.3吋筆記型電腦,H0800001_S_U939K701,laptop,0.0,0.0,0.0
409,U939XK701 360° Foldable 2 in 1 device 終極便攜 13.3吋筆記型電腦,H0800001_S_U939XK701,laptop,0.0,0.0,0.0
410,Inspiron 14 5000 2 in 1 i7,H6934001_S_Ins5482-R1720T-S-W10,laptop,0.0,0.0,0.0
411,"Lenovo -  Lenovo 聯想 ThinkPad T460S i5-6th 14"" Mon CPU 12GB RAM 256GB SSD 手提電腦 notebook computer [官方認證翻新機] 一年門市保養",H6997001_S_Lenovo_460S,laptop,0.0,0.0,0.0
412,"Lenovo -  Lenovo 聯想 ThinkPad T530 i7-3th 15.6"" Mon CPU 8GB RAM 256GB SSD 手提電腦 notebook computer [官方認證翻新機] 一年門市保養",H6997001_S_Lenovo_530,laptop,0.0,0.0,0.0
413,"Lenovo -  Lenovo 聯想 ThinkPad T440 i5-4th 14"" Mon CPU 8GB RAM 256GB SSD 手提電腦 notebook computer [官方認證翻新機] 一年門市保養",H6997001_S_Lenovo_T440,laptop,0.0,0.0,0.0
414,"Lenovo -  Lenovo 聯想 ThinkPad T430 i5-5th 14"" Mon CPU 8GB RAM 256GB SSD 手提電腦 notebook computer [官方認證翻新機] 一年門市保養",H6997001_S_Lenovo_T450,laptop,0.0,0.0,0.0
415,"Lenovo - 聯想 ThinkPad X240 i5 12.5"" Mon CPU 8GB RAM 180GB SSD 超輕超簿手提電腦notebook computer [認證翻身機]一年保養",H6997001_S_Lenovo_X240_180SSD,laptop,0.0,0.0,0.0
416,"Lenovo -  Lenovo 聯想 ThinkPad X240 i5-4300 12.5"" Mon CPU 8GB RAM 256GB SSD 超輕超簿手提電腦 notebook computer [官方認證翻新機] 一年門市保養",H6997001_S_Lenovo_X240_256SSD,laptop,0.0,0.0,0.0
417,LENOVO IDEACENTRE A340-22ICB (PF0E9006NHH) 桌面電腦 原廠3年上門保養,S1076001_S_31PF0E9006NHH,laptop,0.0,0.0,0.0
418,"IdeaPad S340-14IWL 14"" IPS FHD i5-8265u 8G 256G+1TB MX230-2G Win10 Home",H6603001_S_IdeaPad_S340_14IWL_81N70080HH,laptop,0.0,0.0,0.0
419,"IdeaPad S340-15IWL 15.6"" IPS FHD i5-8265u 8G 256G+1TB MX230-2G Win10 Home",H6603001_S_IdeaPad_S340_15IWL_81N8008BHH,laptop,0.0,0.0,0.0
420,"IdeaPad S540-15IWL 15.6"" IPS FHD i7-8565u 12G 1TB MX250-2G Win10 Home 藍色",H6603001_S_IdeaPad_S540_15IWL_81NE0039HH,laptop,0.0,0.0,0.0
421,"IdeaPad 330S-14IKB 14"" 1920x1080 i3-7020 4G 128G SHARE WIN10 HOME",H6603001_S_Ideapad_330s_14IKB_81F401DHHH,laptop,0.0,0.0,0.0
422,"Ideapad S130-11IGM 11.6"" HD N4100 4G 500G Win10 Home 銀",H6603001_S_IdeaPad_S130_11IGM_81J10014HH,laptop,0.0,0.0,0.0
423,"IdeaPad S340-14IWL 14"" IPS FHD i7-8565u 8H 256G+1TB MX230 Win10 Home",H6603001_S_IdeaPad_S340_14IWL_81N70086HH,laptop,0.0,0.0,0.0
424,"IdeaPad S340-15IWL 15.6"" IPS 1920x1080 i5-8265u 8G 256G+1TB SHARE Win10 Home",H6603001_S_IdeaPad_S340_15IWL_81N80089HH,laptop,0.0,0.0,0.0
425,"IdeaPad S540-15IWL 15.6"" IPS FHD i5-8265u 8G 512G MX250-2G Win10 Home 藍色",H6603001_S_IdeaPad_S540_15IWL_81NE0036HH,laptop,0.0,0.0,0.0
426,"SF314 14"" IPS FHD i5-8265u 8G 128G+1TB SHARE Win10 Home 銀色",H6603001_S_SF314_56_52YM_NXH4CCF001,laptop,0.0,0.0,0.0
427,"SF314 14"" IPS FHD i5-8265u 8G 128G+1TB MX150-2G Win10 Home (銀色)",H6603001_S_SF314_56G_51AX_NXH4LCF001,laptop,0.0,0.0,0.0
428,"SF314 14"" IPS FHD i5-8265u 8G 256G+1TB MX250-2G Win10 Home (玫瑰金)",H6603001_S_SF314_56G_58Z3_NXHBCCF001,laptop,0.0,0.0,0.0
429,"SF514 14"" IPS FHD TOUCH i5-8265u 8G 256G SHARE Win10 Home (藍色)",H6603001_S_SF514_53T_54BM_NXH7HCF001,laptop,0.0,0.0,0.0
430,"SF514 14"" IPS FHD TOUCH i5-8265u 8G 256G SHARE Win10 Home (灰色)",H6603001_S_SF514_53T_505N_NXH7KCF001,laptop,0.0,0.0,0.0
431,"SF514 14"" IPS FHD TOUCH i7-8565u 16G 512G SHARE Win10 Home (藍色)",H6603001_S_SF514_53T_758K_NXH7HCF002,laptop,0.0,0.0,0.0
432,"SF514 14"" IPS FHD TOUCH i7-8565u 16G 512G SHARE Win10 Home (灰色)",H6603001_S_SF514_53T_72A4_NXH7KCF003,laptop,0.0,0.0,0.0
433,"NP350XBE-X01HK 15"" FHD i5-8265u 16G 256G+1TB MX250-2G Win10 Home",H6603001_S_NP350XBE_X01HK,laptop,0.0,0.0,0.0
434,"NP350XBE-X03HK 15"" FHD i5-8265u 16G 256G+1TB MX250 Win10 Home",H6603001_S_NP350XBE_X03HK,laptop,0.0,0.0,0.0
435,"NP930SBE-K01HK 13.3"" FHD TOUCH i5-8265u 8G 256G SHARE Win10 Home",H6603001_S_NP930SBE_K01HK,laptop,0.0,0.0,0.0
436,"A715 15.6"" IPS FHD i5-9300H 8G 128G+1TB GTX1650-4G Win10 Home",H6603001_S_A715_74G_58F5_NHQ56CF008,laptop,0.0,0.0,0.0
437,"A715 15.6"" IPS FHD i7-9750H 16G 256G+2TB GTX1650-4G Win10 Home",H6603001_S_A715_74G_785A_NHQ56CF001,laptop,0.0,0.0,0.0
438,"SF314 14"" IPS FHD i5-8265u 8G 128G+1TB MX150-2G Win10 Home",H6603001_S_SF314_56G_NXH4ZCF001,laptop,0.0,0.0,0.0
439,"Legion Y7000 15.6"" 144Hz IPS FHD i7-9750H 16G 512GB-SSD + 1TB-HDD GTX1660Ti-4G Win10 Home",H6603001_S_Legion_Y7000_81NS000WHH,laptop,0.0,0.0,0.0
440,"Legion Y7000 15.6"" 144Hz IPS FHD i7-9750H 32G 1TB-SSD + 2TB-HDD RTX2060-6G Win10 Home",H6603001_S_Legion_Y7000_81NS000VHH,laptop,0.0,0.0,0.0
441,"Macbook 12"" i5 1.3~3.2Ghz 8GB 512GB (GOLD)",H6603001_S_Macbook_12_512GB,laptop,0.0,0.0,0.0
442,"Macbook 13"" i5 2.3~3.6Ghz 8GB 128GB (SILVER)",H6603001_S_Macbook_Pro_13_128GB,laptop,0.0,0.0,0.0
443,"Macbook Pro 13"" Touchbar i5 2.3~3.8Ghz 8GB 256GB (SILVER)",H6603001_S_Macbook_Pro_13_TP_i5_256GB,laptop,0.0,0.0,0.0
444,"Macbook Pro 13"" Touchbar i5 2.3~3.8Ghz 8GB 512GB (SILVER)",H6603001_S_Macbook_Pro_13_TB_i5_512GB,laptop,0.0,0.0,0.0
445,HP Pavilion 15-cs1075TX 5MX34PA#AB5  陶瓷白+淺金色,H0661001_S_NBOHPA-15-cs1075TX,laptop,0.0,0.0,0.0
446,"LIFEBOOK S937K501 黑色 日本制造手提電腦 13.3"" FHD i5 8GB 256GB WIN10 Pro 1.19Kg",H0800001_S_S937K501B,laptop,0.0,0.0,0.0
447,"ASUS S510UN 15.6"" FHD i5-8250u 8G 1TB + 16G Optane MX150-2G WIN10 Home (金色)",H6603001_S_ASUS_S510UN_GO8211T,laptop,0.0,0.0,0.0
448,LENOVO L340-15IWL (81LG00GTHH) 手提電腦,S1076001_S_193386930044,laptop,0.0,0.0,0.0
449,LENOVO S340-15IWL (81N80089HH) 手提電腦,S1076001_S_193386457879,laptop,0.0,0.0,0.0
450,"ASUS X507UA 15.6"" FHD i3-7020u 4G 256G WIN10 Home (灰色)",H6603001_S_ASUS_X507UA_AS7002T,laptop,0.0,0.0,0.0
451,"IdeaPad 330S-14IKB 14"" i5-8250u 8G 512G R535-2G WIN10 HOME",H6603001_S_IdeaPad_330S_14IKB_81F4018KHH,laptop,0.0,0.0,0.0
452,(13.3 i5 8GB 256GB NVMe SSD Win10) Notebook 9 Pen (NP930SBE-K01HK) 筆記簿型電腦,H0762001_S_NP930SBE-K01HK-800160304,laptop,0.0,0.0,0.0
453,"Swift 3 筆記型電腦 (14"", i5-8650U, 8GB RAM, 51GB SSD, Win 10) SF314-55G59BG 銀色 - 香港行貨",S6036001_S_ACE_SF314-55G59BG_SLV,laptop,0.0,0.0,0.0
454,"SF515 15.6"" IPS FHD i7-8565u 16G 512G SHARE Win10 Home (藍色)",H6603001_S_Acer_SF515_51T_74PG_NX_H69CF_002,laptop,0.0,0.0,0.0
455,"LENOVO Ideapad 330 15.6"" FHD i7-8550u 8G 128G+1TB R530-2G WIN10 Home (灰色)",H6603001_S_IdeaPad_330_15IKB_81DE009DHH,laptop,0.0,0.0,0.0
456,"IdeaPad 330S-14IKB 14"" i7-8550u 8G 512G R535-2G WIN10 HOME",H6603001_S_IdeaPad_330S_14IKB_81F4018LHH,laptop,0.0,0.0,0.0
457,"IdeaPad 330S-14IKB 14"" i5-8250u 8G 512G SHARE WIN10 HOME",H6603001_S_IdeaPad_330S_14IKB_81F4018JHH,laptop,0.0,0.0,0.0
458,"SF313 13.3"" FHD i5-8250 8G 512G SHARE Win10 Home",H6603001_S_SF313_51_52CA_NXH3ZCF002,laptop,0.0,0.0,0.0
459,"LENOVO Ideapad 330 17.3"" FHD i7-8550u 8G 256G+1TB MX150-2G WIN10 Home (銀)",H6603001_S_IdeaPad_330_17IKB_81DM005PHH,laptop,0.0,0.0,0.0
460,"IdeaPad 330-17IKB 17.3"" FHD i5-8250u 8G 128G+1TB MX150-2G Win10 Home",H6603001_S_IdeaPad_330_17IKB_81DM005NHH,laptop,0.0,0.0,0.0
461,"LENOVO Ideapad 330 15.6"" FHD i3-8130u 4G 1TB WIN10 Home (黑)",H6603001_S_IdeaPad_330_15IKB_81DE0099HH,laptop,0.0,0.0,0.0
462,LENOVO S340-15IWL (81N8008BHH)手提電腦,S1076001_S_193386458159,laptop,0.0,0.0,0.0
463,"LENOVO S530 13.3"" FHD i7-8565u 8G 512G WIN10 HOME (藍)",H6603001_S_IdeaPad_S530_13IWL_81J7001MHH,laptop,0.0,0.0,0.0
464,"LENOVO S530 13.3"" FHD i5-8265u 8G 512G WIN10 HOME (藍)",H6603001_S_IdeaPad_S530_13IWL_81J7001THH,laptop,0.0,0.0,0.0
465,12 吋 MacBook 1.2GHz 處理器 256GB 儲存空間 玫瑰金 (選取除舊服務),H5866001_S_MNYF2ZPAPPLECARE,laptop,0.0,0.0,0.0
466,"LENOVO Ideapad 330s 14"" FHD i5-8250u 8G 128G+1TB R535-2G WIN10 Home (灰)",H6603001_S_IdeaPad_330S_14IKB_81F40020HH,laptop,0.0,0.0,0.0
467,"LENOVO Ideapad 330 15.6"" HD N4100 4G 500G WIN10 Home (黑)",H6603001_S_IdeaPad_330_15IGM_81D100DWHH,laptop,0.0,0.0,0.0
468,"LENOVO S530 13.3"" FHD i5-8265u 8G 512G MX150-2G WIN10 HOME (藍)",H6603001_S_IdeaPad_S530_13IWL_81J7001LHH,laptop,0.0,0.0,0.0
469,"LENOVO Ideapad 330 15.6"" FHD i5-8250u 4G 1TB WIN10 Home (黑)",H6603001_S_IdeaPad_330_15IKB_81DE009AHH,laptop,0.0,0.0,0.0
470,"LENOVO Ideapad 330 15.6"" FHD i5-8250u 8G 1TB MX150-2G WIN10 Home (灰色)",H6603001_S_IdeaPad_330_15IKB_81DE016HHH,laptop,0.0,0.0,0.0
471,12 吋 MacBook 1.2GHz 處理器 256GB 儲存空間 玫瑰金 (選取除舊服務),H5866001_S_MNYF2ZP,laptop,0.0,0.0,0.0
472,"LENOVO Yoga S730 13.3"" FHD i5-8265u 8G 512G WIN10 Home (灰色)",H6603001_S_Yoga_S730_13IWL_81J0002THH,laptop,0.0,0.0,0.0
473,"LENOVO Ideapad 330s 14"" FHD i5-8250u 8G 128G+1TB WIN10 Home (灰)",H6603001_S_IdeaPad_330S_14IKB_81F4001YHH,laptop,0.0,0.0,0.0
474,"LENOVO Ideapad 330s 14"" FHD i7-8550u 8G 128G+1TB R535-2G WIN10 Home (灰)",H6603001_S_IdeaPad_330S_14IKB_81F4007BHH,laptop,0.0,0.0,0.0
475,"LENOVO Y530 15.6"" (144Hz) FHD i7-8750H 16G 256GB + 2TB GTX1050Ti-4G WIN10 Home (黑色)",H6603001_S_IdeaPad_Y530_15ICH_81FV012EHH,laptop,0.0,0.0,0.0
476,"LENOVO Yoga C930 13.9"" TOUCH FHD i7-8550u 16G 512G WIN10 Home (雲母色)",H6603001_S_Yoga_C930_13IKB_81C4002FHH,laptop,0.0,0.0,0.0
477,"LENOVO Yoga C930 13.9"" TOUCH 4K i7-8550u 16G 1TB WIN10 Home (雲母色)",H6603001_S_Yoga_C930_13IKB_81C4002GHH,laptop,0.0,0.0,0.0
478,"LENOVO Yoga C930 13.9"" TOUCH FHD i7-8550u 16G 512G WIN10 Home (灰色)",H6603001_S_Yoga_C930_13IKB_81C4007XHH,laptop,0.0,0.0,0.0
479,"LENOVO Yoga C930 13.9"" TOUCH 4K i7-8550u 16G 1TB WIN10 Home (灰色)",H6603001_S_Yoga_C930_13IKB_81C4007YHH,laptop,0.0,0.0,0.0
480,"LENOVO Yoga S730 13.3"" FHD i7-8565u 16G 512G WIN10 Home (灰色)",H6603001_S_Yoga_S730_13IWL_81J0002UHH,laptop,0.0,0.0,0.0
481,"SF314 14"" IPS FHD i5-8265u 8G 256G+1TB MX250-2G Win10 Home (銀色)",H6603001_S_SF314_56G_58MJ_NXHAQCF001,laptop,0.0,0.0,0.0
482,"SF314 14"" IPS FHD i5-8265u 8G 512GB MX250-2G Win10 Home (銀色)",H6603001_S_SF314_55G_59BG_NXHBJCF002,laptop,0.0,0.0,0.0
483,"A315 15.6"" FHD i5-8265u 8G 128G+1TB SHARE Win10 Home",H6603001_S_A315_54_51J1_NXHEFCF003,laptop,0.0,0.0,0.0
484,"A315 15.6"" FHD i5-8265u 8G 2TB MX230-2G Win10 Home 藍色",H6603001_S_A315_55G_57JU_NXHG2CF008,laptop,0.0,0.0,0.0
485,"NP950SBE-X01HK 15"" FHD TOUCH i7-8565u 16G 512G MX150-2G Win10 Home",H6603001_S_NP950SBE_X01HK,laptop,0.0,0.0,0.0
486,"IdeaPad S130-11IGM 11.6"" HD N4100 4G 64G Win10 Home 白",H6603001_S_IdeaPad_S130_11IGM_81J10013HH,laptop,0.0,0.0,0.0
487,"IdeaPad L340-17IWL 17.3"" FHD i5-8265u 8G 1TB+256G MX230-2G Win10 Home",H6603001_S_Ideapad_L340_17IWL_81L0005MHH,laptop,0.0,0.0,0.0
488,"IdeaPad L340-17IWL 17.3"" FHD i7-8565u 8G 1TB+256G MX230-2G Win10 Home",H6603001_S_IdeaPad_L340_17IWL_81L0005QHH,laptop,0.0,0.0,0.0
489,"IdeaPad L340-17IRH 17.3"" IPS FHD i5-9300H 8G 1TB+256G GTX1050-3G Wi10 Home",H6603001_S_IdeaPad_L340_17IRH_81LL005LHH,laptop,0.0,0.0,0.0
490,"IdeaPad L340-17IRH 17.3"" IPS FHD i7-9750H 8G 1TB+256G GTX1050-3G Win10 Home",H6603001_S_IdeaPad_L340_17IRH_81LL005NHH,laptop,0.0,0.0,0.0
491,"IdeaPad S540-15IWL 15.6"" IPS FHD i5-8265u 8G 512G MX250-2G Win10 Home 銅色",H6603001_S_IdeaPad_S540_15IWL_81NE0037HH,laptop,0.0,0.0,0.0
492,"IdeaPad S540-15IWL 15.6"" IPS FHD i7-8565u 12G 1TB MX250-2GB Win10 Home 銅色",H6603001_S_IdeaPad_S540_15IWL_81NE003AHH,laptop,0.0,0.0,0.0
493,"IdeaPad L340-15IWL 15.6"" FHD i3-8145u 4G 256G MX110-2G Win10 Home",H6603001_S_IdeaPad_L340_15IWL_81LG00GRHH,laptop,0.0,0.0,0.0
494,"NP350XAA-X04HK 15"" FHD i5-8250u 8G 128G+1TB MX110-2G Win10 Home",H6603001_S_NP350XAA_X04HK,laptop,0.0,0.0,0.0
495,"NP350XAA-X05HK 15"" FHD i5-8250 8G 128G+1TB MX110-2G Win10 Home",H6603001_S_NP350XAA_X05HK,laptop,0.0,0.0,0.0
496,"NP350XBE-K03HK 15"" FHD Intel 5405u 8G 128G SHARE Win10 Home",H6603001_S_NP350XBE_K03HK,laptop,0.0,0.0,0.0
497,"NP350XBE-K04HK 15"" FHD 5405u 8G 128G SHARE Win10 Home",H6603001_S_NP350XBE_K04HK,laptop,0.0,0.0,0.0
498,"NP350XBE-K01HK 15"" FHD i5-8265u 8G 256G SHARE Win10 Home",H6603001_S_NP350XBE_K01HK,laptop,0.0,0.0,0.0
499,"NP350XBE-K02HK 15"" FHD i5-8265u 8G 256G SHARE Win10 Home",H6603001_S_NP350XBE_K02HK,laptop,0.0,0.0,0.0
500,"NP930XBE-K03HK 13.3"" FHD i7-8565u 16G 512G SHARE Win10 Home",H6603001_S_NP930XBE_K03HK,laptop,0.0,0.0,0.0
501,"NP930MBE-K01HK 13.3"" FHD TOUCH i5-8265u 8G 256G SHARE Win10 Home",H6603001_S_NP930MBE_K01HK,laptop,0.0,0.0,0.0
502,"NP930SBE-K03HK 13.3"" FHD TOUCH i7-8565u 16G 512G SHARE Win10 Home",H6603001_S_NP930SBE_K03HK,laptop,0.0,0.0,0.0
503,"NP550XAA-X05HK 15.6"" PLS FHD i7-8550u 8G 128G+1TB MX150-2G Win10 Home",H6603001_S_NP550XAA_X05HK,laptop,0.0,0.0,0.0
504,"NP550XAA-X04HK 15.6"" PLS FHD i7-8550u 12G 256G+1TB MX150-2G Win10 Home",H6603001_S_NP550XAA_X04HK,laptop,0.0,0.0,0.0
505,"NP550XBE-X01HK 15.6"" PLS FHD i7-8565u 16G 256G+1TB MX150-2G Win10 Home",H6603001_S_NP550XBE_X01HK,laptop,0.0,0.0,0.0
506,"NP730XBE-K01HK 13.3"" FHD i5-8265u 8G 256G SHARE Win10 Home",H6603001_S_NP730XBE_K01HK,laptop,0.0,0.0,0.0
507,"NP730QAA-K02HK 13.3"" FHD TOUCH i7-8550u 8G 256G SHARE Win10 Home",H6603001_S_NP730QAA_K02HK,laptop,0.0,0.0,0.0
508,4G-LTE 智能手機 - GALAXY S4 (白色),H0972006_S_342,smartphone,0.0,0.0,0.0
509,SAMSUNG Galaxy A20 3gb+32gb Black 平行進口,H5982001_S_samsunga205fd32gbblack,smartphone,0.0,0.0,0.0
510,Galaxy A40s 6GB+64GB 黑色（平行進口）,H5300001_S_ASAA30506-64GBBK,smartphone,0.0,0.0,0.0
511,Galaxy A70 6GB+128GB 珊瑚橙色 香港行貨,H6588001_S_Samsung_A70_6_Coral,smartphone,0.0,0.0,0.0
512,"HONOR 8A - 6.09""旗艦級珍珠全面屏 / 支持人臉解鎖 / 獨立三卡槽 / Android 9.0 (32GB/藍色)",H0972006_S_Honor_8A_32GB_BU,smartphone,0.0,0.0,0.0
513,Galaxy A60 SM-A6060 6+128GB Dual SIM-黑（平行進口）,H5912001_S_SAM0068-bk,smartphone,0.0,0.0,0.0
514,智愛寶定位功能電話連24個月手機月費服務,S6048001_S_ibao002_black,smartphone,0.0,0.0,0.0
515,Galaxy S10+ 8GB+128GB 幻鑽綠色 香港行貨,H6588001_S_Samsung_S10P_128_Green,smartphone,0.0,0.0,0.0
516,Pixel 3a 4GB+64GB 黑色 平行進口,H6588001_S_Pixel_3a_64_Black,smartphone,0.0,0.0,0.0
517,Galaxy Note 10+ 12GB+256GB N9750 幻白色 香港行貨,H6588001_S_Samsung_Note10P_256_White,smartphone,0.0,0.0,0.0
518,Galaxy S10+ 8GB+128GB 幻鑽銀色 香港行貨,H6588001_S_Samsung_S10P_128_Silver,smartphone,0.0,0.0,0.0
519,ROG Phone 2 8GB+128GB 全網版 黑色（平行進口）,H5300001_S_AAS1001DA8-128GBBK,smartphone,0.0,0.0,0.0
520,Pixel 3A XL 64GB 純粹黑（平行進口）,H5300001_S_AGOG020C64GBJBK,smartphone,0.0,0.0,0.0
521,SAMSUNG Galaxy A10 2gb+32gb Black 平行進口,H5982001_S_samsunga105gds32gbblack,smartphone,0.0,0.0,0.0
522,SAMSUNG Galaxy A10 2gb+32gb Black 平行進口,H5982001_S_samsunga105gds32gbblack,smartphone,0.0,0.0,0.0
523,Galaxy S10 SM-G973U 8+128GB 智能手機-白（平行進口）,H5912001_S_SAM0072-we,smartphone,0.0,0.0,0.0
524,SAMSUNG Galaxy A20 3gb+32gb Blue 平行進口,H5982001_S_samsunga205fd32gbblue,smartphone,0.0,0.0,0.0
525,香港行貨(棱鏡黑)GALAXY S10 G9730 8GB RAM 128GB ROM,H7007001_S_SAMG9730H01BK01,smartphone,0.0,0.0,0.0
526,Galaxy A60 SM-A6060 6+64GB Dual SIM-藍（平行進口）,H5912001_S_SAM0067-be,smartphone,0.0,0.0,0.0
527,Pixel 3a 4GB+64GB 白色 平行進口,H6588001_S_Pixel_3a_64_White,smartphone,0.0,0.0,0.0
528,E517 -  Android 直板按鍵智能手機 / 雙咭 4G / 超長待機 / 長者手機 (黑色),H0972006_S_PHILIPS_E571_BK,smartphone,0.0,0.0,0.0
529,U12+ 6GB+128GB 紅色 香港行貨,H6588001_S_HTC_U12P_Red,smartphone,0.0,0.0,0.0
530,"iPhone 6S - 64GB, 二手9成9新 (100%正常運作)(平行進口)",H6725001_S_i6S_R_64_1_U,smartphone,0.0,0.0,0.0
531,紅米 7A 16GB磨砂黑（平行進口）,H5300001_S_AXMM1903C3EG2-16GBBK,smartphone,0.0,0.0,0.0
532,香港行貨(幻黑)GALAXY NOTE 10 N9700 8GB RAM 256GB ROM,H7007001_S_SAMN970H01BK01,smartphone,0.0,0.0,0.0
533,香港行貨(幻光)GALAXY NOTE 10 N9700 8GB RAM 256GB ROM,H7007001_S_SAMN970H01SV01,smartphone,0.0,0.0,0.0
534,香港行貨(幻白)GALAXY NOTE 10 N9700 8GB RAM 256GB ROM,H7007001_S_SAMN970H01WH01,smartphone,0.0,0.0,0.0
535,Galaxy Note 10+ 12GB+512GB N9750 幻黑色 香港行貨,H6588001_S_Samsung_Note10P_512_Black,smartphone,0.0,0.0,0.0
536,Galaxy Note 10+ 12GB+512GB N9750 幻光色 香港行貨,H6588001_S_Samsung_Note10P_512_Glow,smartphone,0.0,0.0,0.0
537,"iPhone XR, 128GB - 黑色 #HK行貨",G5031001_S_APPIXR128MT192,smartphone,0.0,0.0,0.0
538,iPhone XS 64GB 金色 #HK行貨,G5031001_S_101-APPIXS-MT962ZA_A,smartphone,0.0,0.0,0.0
539,Note 7P - 後置三鏡頭 / 三卡槽 / Android 9.0,H0972006_S_Note7P_BK,smartphone,0.0,0.0,0.0
540,MUSASHI 武藏日系超薄智能摺機 / 雙屏幕觸控設計 / Android系統,H0972006_S_FTJ161A,smartphone,0.0,0.0,0.0
541,BlackBerry KeyOne 32gb Silver Black 香港行貨一年保養,H5982001_S_blackberrykeyone32gbsilverblack,smartphone,0.0,0.0,0.0
542,紅米 7 3GB+32GB（平行進口）夢幻藍,H5300001_S_AXMM1810F6LG3-32GBCB,smartphone,0.0,0.0,0.0
543,紅米 NOTE 6 Pro 4+64GB-黑（香港行貨）,H5912001_S_Xa0066-bk,smartphone,0.0,0.0,0.0
544,"iPhone XS 256GB, 金色 #HK行貨",G5031001_S_101-APPIXS-MT9927A_A,smartphone,0.0,0.0,0.0
545,BlackBerry Key 2 LE 64GB Red 香港行貨一年保養,H5982001_S_blackberrykey2le64gbred,smartphone,0.0,0.0,0.0
546,BlackBerry Key 2 LE 64GB Gold 香港行貨一年保養,H5982001_S_blackberrykey2le64gbgold,smartphone,0.0,0.0,0.0
547,9T 6+128GB 智能手機 (碳纖黑) (平行進口),H5039001_S_XMMI9T6128BKEU,smartphone,0.0,0.0,0.0
548,4G-LTE 三防智能手機 - ARMOR 6 (6+128GB) (紅色) (原廠行貨),H0972006_S_Armor_6_Red,smartphone,0.0,0.0,0.0
549,4G-LTE 智能手機 - R1(金色),H7019001_S_R1_Gold,smartphone,0.0,0.0,0.0
550,Galaxy A10 A105M 雙卡雙待 2+32GB智能手機-黑 (平行進口),H5912001_S_SAM0039-bk,smartphone,0.0,0.0,0.0
551,Galaxy A30 SM-A305G雙卡雙待 4+64GB智 能手機-白 (平行進口),H5912001_S_SAM0040-we,smartphone,0.0,0.0,0.0
552,A60 6GB+64GB 幻影黑（平行進口）,H5300001_S_ASAA60606-64GBBK,smartphone,0.0,0.0,0.0
553,Mi Play 128GB ROM + 6GB RAM,H0972006_S_miplay_128GB,smartphone,0.0,0.0,0.0
554,SAMSUNG Galaxy A305 64gb Black 平行進口,H5982001_S_sama305black,smartphone,0.0,0.0,0.0
555,Y9 Prime 2019 4+128GB-綠（香港行貨）,H5912001_S_HU0014-gn,smartphone,0.0,0.0,0.0
556,智能手機 - A1000 (灰色),H0972006_S_A1000_Grey,smartphone,0.0,0.0,0.0
557,Xperia 10 Plus 6GB+64GB 黑色 香港行貨,H6588001_S_Sony_Xperia10Plus_Black,smartphone,0.0,0.0,0.0
558,POP4 Plus 5056D 智能電話(灰),H0775001_S_AL06,smartphone,0.0,0.0,0.0
559,智愛寶功能電話,S6048001_S_ibao001_black,smartphone,0.0,0.0,0.0
560,P30 Lite 6+128GB-白（香港行貨）,H5912001_S_HU0011-we,smartphone,0.0,0.0,0.0
561,紅米 NOTE 7 Pro 6+128GB-紅（平行進口）,H5912001_S_Xa0073-rd,smartphone,0.0,0.0,0.0
562,OnePlus 7 Pro 12GB+256GB 星雲藍（平行進口）,H5300001_S_AOEGM191012256GBNB,smartphone,0.0,0.0,0.0
563,Galaxy A40s 6GB/64GB A3050 藍色 (水貨),H6588002_S_Samsung_A40s_Blue_CN,smartphone,0.0,0.0,0.0
564,香港行貨(幻白)GALAXY NOTE 10+ N9750 12GB RAM 256GB ROM,H7007001_S_SAMN975256H01WH01,smartphone,0.0,0.0,0.0
565,Galaxy A60 6GB/128GB A6060 黑色 (水貨),H6588002_S_Samsung_A60_128_Black_CN,smartphone,0.0,0.0,0.0
566,Galaxy S10 (G9730) (8GB+128GB),H0762001_S_galaxy-s10-g9730-8-128-gr-800270634,smartphone,0.0,0.0,0.0
567,"iPhone XS Max 64GB, 金色 #HK行貨",G5031001_S_APPIXM64_MT732,smartphone,0.0,0.0,0.0
568,Galaxy A70 8GB+128GB 藍色 香港行貨,H6588001_S_Samsung_A70_8_Blue,smartphone,0.0,0.0,0.0
569,4G-LTE 無邊框智能手機 - MIX (4+64GB) (黑色),H0972006_S_MIX_Black,smartphone,0.0,0.0,0.0
570,Galaxy A70 6GB+128GB 黑色（平行進口）,H5300001_S_ASAA70506-128GBBK,smartphone,0.0,0.0,0.0
571,Galaxy A80 (A8050),H0762001_S_Galaxy-A80-A8050-bk-800270196,smartphone,0.0,0.0,0.0
572,"X - 5.85"" / 8核心 / 64GB / 雙鏡頭 / 無線充電",H0972006_S_X_BK,smartphone,0.0,0.0,0.0
573,Galaxy A20 SM-A205G 雙卡雙待 3+32GB 智能手機-紅（香港行貨）,H5912001_S_SAM0047-or,smartphone,0.0,0.0,0.0
574,Galaxy S10 Plus 陶瓷特別版 (G9750) (8GB+512GB),H0762001_S_galaxy-s10-plus-ceramic-g9750-8-512-bk-800270640,smartphone,0.0,0.0,0.0
575,"Xperia L2 5.5"" / 32GB / NFC 智能手機 (黑色)",H0972006_S_L2,smartphone,0.0,0.0,0.0
576,Huawei Y9 Prime 2019 4GB+128GB 寶石藍（香港行貨）,H5300001_S_AHUSTK-L224-128GBSB,smartphone,0.0,0.0,0.0
577,P30 Pro 8GB+256GB 天空之境色 香港行貨,H6588001_S_Huawei_P30_Pro_BreathingCrystal,smartphone,0.0,0.0,0.0
578,POP4 Plus 5056D智能電話(灰) - Alcatel,H0775002_S_AL06,smartphone,0.0,0.0,0.0
579,S5 4G+64G 雙卡雙待-黑（香港行貨）,H5912001_S_LN0010,smartphone,0.0,0.0,0.0
580,Galaxy Note 10+ 12GB+256GB N9750 幻光色 香港行貨,H6588001_S_Samsung_Note10P_256_Glow,smartphone,0.0,0.0,0.0
581,"iPhone XR, 64GB - 黑色 #HK行貨",G5031001_S_APPIXR64MT122,smartphone,0.0,0.0,0.0
582,"香港行貨 2018 iPhone 8 5.5""金色 64GB",S1103001_S_iphone8_64P_GOLD,smartphone,0.0,0.0,0.0
583,OnePlus 7 8GB+256GB 灰色（平行進口）,H5300001_S_AOEGM19008-256GBGY,smartphone,0.0,0.0,0.0
584,"Power 6 - 6350mAh 特大電量 / 6.3"" FHD+ / NFC / Android 9.0",H0972006_S_Power6_BU,smartphone,0.0,0.0,0.0
585,Tab 3 7 Essential TB-7304F 1GB+8GB (香港行貨),H5912001_S_T0040,smartphone,0.0,0.0,0.0
586,Galaxy A60 6GB/128GB A6060 橙色 (水貨),H6588002_S_Samsung_A60_128_Orange_CN,smartphone,0.0,0.0,0.0
587,Xperia 10 Plus 6GB+64GB 軍藍色 香港行貨,H6588001_S_Sony_Xperia10Plus_Navy,smartphone,0.0,0.0,0.0
588,香港行貨(幻光)GALAXY NOTE 10+ N9750 12GB RAM 256GB ROM,H7007001_S_SAMN975256H01SV01,smartphone,0.0,0.0,0.0
589,Shine Lite 4G LTE智能電話(黑),H0775001_S_AL01BLK,smartphone,0.0,0.0,0.0
590,Reno 6GB+256GB 極夜黑色 平行進口 中國版,H6588001_S_Oppo_Reno_6_256_Black,smartphone,0.0,0.0,0.0
591,Y9 Prime 2019 4GB+128GB 藍色 香港行貨,H6588001_S_Huawei_Y9_Prime_2019_Blue,smartphone,0.0,0.0,0.0
592,Y6 Prime 2018 3GB+32GB 藍色 香港行貨,H6588001_S_Huawei_Y6_Prime_2018_Blue,smartphone,0.0,0.0,0.0
593,Y91c 2+32GB-黑（香港行貨）,H5912001_S_VI0017-bk,smartphone,0.0,0.0,0.0
594,Galaxy Note 10+ 12GB+256GB N9750 幻黑色 香港行貨,H6588001_S_Samsung_Note10P_256_Black,smartphone,0.0,0.0,0.0
595,紅米 7 3+64GB-黑（香港行貨）,H5912001_S_Xa0065,smartphone,0.0,0.0,0.0
596,B30（香港行貨）,H5912001_S_Ca0001,smartphone,0.0,0.0,0.0
597,Galaxy A8s 6GB+128GB 漸變藍（平行進口）,H5300001_S_ASAG88706-128GBB,smartphone,0.0,0.0,0.0
598,"Shine Lite 5"" 4G LTE智能電話(黑) - Alcatel",H0775002_S_AL01BLK,smartphone,0.0,0.0,0.0
599,電競手機 ROG Phone 512G ZS600KL  幻影黑,H0775022_S_rog_512,smartphone,0.0,0.0,0.0
600,Xperia L3 3GB+32GB 金色 香港行貨,H6588001_S_Sony_Xperia_L3_Gold,smartphone,0.0,0.0,0.0
601,SP586 極速八核高配手機,H5683001_S_P1869,smartphone,0.0,0.0,0.0
602,SAMSUNG A505 6gb ram +128gb Black 平行進口,H5982001_S_samsunga505128gbblack,smartphone,0.0,0.0,0.0
603,GALAXY S9 DUAL 64GB G960FD 黑 (平行進口),H5912001_S_SAM0009_bk,smartphone,0.0,0.0,0.0
604,OnePlus 7 Pro 8GB+256GB 星雲藍（平行進口）,H5300001_S_AOEGM19108-256GBNB,smartphone,0.0,0.0,0.0
605,8110 4G雙卡雙待雙核智能手機電話黑色,H6302001_S_w1000046,smartphone,0.0,0.0,0.0
606,Caterpillar CAT S60 香港行貨一年保養,H5982001_S_catS60,smartphone,0.0,0.0,0.0
607,香港行貨(幻光)GALAXY NOTE 10+ N9750 12GB RAM 512GB ROM,H7007001_S_SAMN975512H01SV01,smartphone,0.0,0.0,0.0
608,Galaxy S10 (G9730) (8GB+512GB),H0762001_S_galaxy-s10-g9730-8-512-bk-800270636,smartphone,0.0,0.0,0.0
609,P30 Lite 6GB+128GB 黑色 香港行貨,H6588001_S_Huawei_P30Lite_Black,smartphone,0.0,0.0,0.0
610,G7+ ThinQ LMG710EAW 128GB-黑（平行進口）,H5912001_S_LG0009,smartphone,0.0,0.0,0.0
611,電競手機 ROG Phone 128G ZS600KL 幻影黑,H0775022_S_rog_128,smartphone,0.0,0.0,0.0
612,Galaxy S10 Plus (G9750) (8GB+128GB),H0762001_S_galaxy-s10-plus-g9750-8-128-gr-800270643,smartphone,0.0,0.0,0.0
613,MOTO C PLUS（白色）(香港行貨),H5912001_S_MO0007_we,smartphone,0.0,0.0,0.0
614,Galaxy A70 8GB+128GB 白色（平行進口）,H5300001_S_ASAA70508-128GBW,smartphone,0.0,0.0,0.0
615,Galaxy Note 10+plus 12+256GB N9750-白（香港行货）,H5912001_S_SAM0075-we,smartphone,0.0,0.0,0.0
616,Galaxy A9s A9200 6GB+128GB 夜影黑（平行進口）,H5300001_S_ASAA9200-6_128GBCBK4,smartphone,0.0,0.0,0.0
617,Galaxy Note 10 8GB+256GB N9700 幻光色 香港行貨,H6588001_S_Samsung_Note10_Glow,smartphone,0.0,0.0,0.0
618,"iPhone 7 - 32GB, 二手9成9新 (100%正常運作)(平行進口)",H6725001_S_i7_R_32_1_U,smartphone,0.0,0.0,0.0
619,8110 4G LTE 雙卡雙核2MP 手提智能電話黃色(平行進貨),H5393001_S_1001310,smartphone,0.0,0.0,0.0
620,Galaxy Note 10 8GB+256GB N9700 幻白色 香港行貨,H6588001_S_Samsung_Note10_White,smartphone,0.0,0.0,0.0
621,Caterpillar CAT S61 香港行貨一年保養,H5982001_S_cats61,smartphone,0.0,0.0,0.0
622,紅米 NOTE 7 4+128GB-黑（香港行貨）,H5912001_S_Xa0068-bk,smartphone,0.0,0.0,0.0
623,Galaxy A60 6GB+128GB 幻魅橙（平行進口）,H5300001_S_ASAA60606-128GBCOR,smartphone,0.0,0.0,0.0
624,Galaxy M20 M205M 雙卡雙待4+64GB 智能手機-藍（平行進口）,H5912001_S_SAM0044-be,smartphone,0.0,0.0,0.0
625,香港行貨(幻黑)GALAXY NOTE 10+ N9750 12GB RAM 512GB ROM,H7007001_S_SAMN975512H01BK01,smartphone,0.0,0.0,0.0
626,Galaxy A40s 6GB/64GB A3050 黑色 (水貨),H6588002_S_Samsung_A40s_Black_CN,smartphone,0.0,0.0,0.0
627,"iPhone 8 Plus 5.5"" 金色 256GB 包含 AppleCare+ 全方位服務計劃保障 2Years",H5866001_S_MQ8J2ZPAPPLECAREPLUS,smartphone,0.0,0.0,0.0
628,紅米 7 3GB+32GB（平行進口）亮黑色,H5300001_S_AXMM1810F6LG3-32GBEBK,smartphone,0.0,0.0,0.0
629,S900 萬用旅行專用手機/結實防撞設計/長超14日待機/藍色,H5683002_S_P1626,smartphone,0.0,0.0,0.0
630,Max 3 4GB+64GB 金色（平行進口）,H5300001_S_AXMM1804E4A64GBGD,smartphone,0.0,0.0,0.0
631,RE1 IP68認證三防智能手機,H0972006_S_KONKA_RE1,smartphone,0.0,0.0,0.0
632,小米 8 6GB+128GB 藍色（平行進口）,H5300001_S_AXMM1803E1A6-128GBB,smartphone,0.0,0.0,0.0
633,Y9 2019 4GB+64GB 藍色 香港行貨,H6588001_S_Huawei_Y9_2019_Blue,smartphone,0.0,0.0,0.0
634,Galaxy A20 3GB/32GB A205 橙色 (水貨),H6588002_S_Samsung_A20_Orange_CN,smartphone,0.0,0.0,0.0
635,ZenFone Max Pro M2 4GB+128GB 藍色 香港行貨,H6588001_S_Asus_MaxProM2_Blue,smartphone,0.0,0.0,0.0
636,Galaxy Note 10 8GB+256GB N9700 幻黑色 香港行貨,H6588001_S_Samsung_Note10_Black,smartphone,0.0,0.0,0.0
637,U12 lite 64GB 紫(香港行貨),H5912001_S_HT0006,smartphone,0.0,0.0,0.0
638,Galaxy A9s A9200 6GB+128GB 幻影藍（平行進口）,H5300001_S_ASAA9200-6_128GBLB4,smartphone,0.0,0.0,0.0
639,LG G7+ 128GB 摩洛哥藍（平行進口）,H5300001_S_ALGG710EAW-128GBB,smartphone,0.0,0.0,0.0
640,P30 Lite 6GB+128GB（香港行貨）雀翎藍,H5300001_S_AHUMAR-LX26-128GBPB1,smartphone,0.0,0.0,0.0
641,Xero XM05 Red 長者機大聲大字 香港行貨一年保養,H5982001_S_xeroxm05red,smartphone,0.0,0.0,0.0
642,智能手機 K5 Play 藍色,H0775019_S_K5_Play_bu,smartphone,0.0,0.0,0.0
643,Galaxy A70 6GB/128GB A7050 白色 (水貨),H6588002_S_Samsung_A70_White_CN,smartphone,0.0,0.0,0.0
644,9T Pro 8GB+256GB 火焰紅（平行進口）,H5300001_S_AXMM1903F11G8-256GBFRD,smartphone,0.0,0.0,0.0
645,"iPhone XS Max 256GB, 太空灰 #HK行貨",G5031001_S_101-APPIXM-MT742ZA_A,smartphone,0.0,0.0,0.0
646,9T 6+64GB 智能手機 (碳纖黑) (平行進口),H5039001_S_XMMI9T64BKEU,smartphone,0.0,0.0,0.0
647,P30 Pro 8GB+256GB 黑色 香港行貨,H6588001_S_Huawei_P30_Pro_Black,smartphone,0.0,0.0,0.0
648,OnePlus 7 Pro 6GB+128GB 鏡面灰（平行進口）,H5300001_S_AOEGM19106-128GBMGY,smartphone,0.0,0.0,0.0
649,SP4 雙卡智能手機 黑色,H5300001_S_AKOSP4BK1,smartphone,0.0,0.0,0.0
650,Galaxy Note 10+plus 12+512GB N9750-黑（香港行货）,H5912001_S_SAM0076-bk,smartphone,0.0,0.0,0.0
651,PIXEL 2 128GB（黑色）（平行進口）,H5912001_S_GE0006_bk,smartphone,0.0,0.0,0.0
652,3G 長者滑蓋手機 S80 (紅色),H0972006_S_000184,smartphone,0.0,0.0,0.0
653,2720 Flip 4G 經典翻蓋手機【香港行貨】,H5170001_S_C000600-BK,smartphone,0.0,0.0,0.0
654,Xperia 10 4GB+64GB 粉紅色 香港行貨,H6588001_S_Sony_Xperia10_Pink,smartphone,0.0,0.0,0.0
655,Galaxy A60 6GB/64GB A6060 藍色 (水貨),H6588002_S_Samsung_A60_Blue_CN,smartphone,0.0,0.0,0.0
656,Galaxy A8s 6+128GB g8870-藍（平行進口）,H5912001_S_SAM0071-be,smartphone,0.0,0.0,0.0
657,Y9 Prime 2019 4GB+128GB 綠色 香港行貨,H6588001_S_Huawei_Y9_Prime_2019_Green,smartphone,0.0,0.0,0.0
658,PIXEL 128GB（黑色）（平行進口）,H5912001_S_GE0002_bk,smartphone,0.0,0.0,0.0
659,P30 Lite 6GB+128GB（香港行貨）幻夜黑,H5300001_S_AHUMAR-LX26-128GBMBK1,smartphone,0.0,0.0,0.0
660,Galaxy A80 8GB+128GB 幻魅金（平行進口）,H5300001_S_ASAA80508-128GBAGD,smartphone,0.0,0.0,0.0
661,Galaxy A70 SM-A705 雙卡雙待 6+128GB 智能手機-橙 (平行進口),H5912001_S_SAM0042-or,smartphone,0.0,0.0,0.0
662,Galaxy A60 6GB/64GB A6060 黑色 (水貨),H6588002_S_Samsung_A60_Black_CN,smartphone,0.0,0.0,0.0
663,U12 Life 4GB+64GB 暮光紫色 香港行貨,H6588001_S_HTC_U12_Life_Purple,smartphone,0.0,0.0,0.0
664,Galaxy M20 M205M 雙卡雙待3+32GB 智能手機-黑（平行進口）,H5912001_S_SAM0043-bk,smartphone,0.0,0.0,0.0
665,Galaxy Note9 6+128GB 智能手機-紫（平行進口）,H5912001_S_SAM0045-pe,smartphone,0.0,0.0,0.0
666,Xperia L3 3GB+32GB 銀色 香港行貨,H6588001_S_Sony_Xperia_L3_Silver,smartphone,0.0,0.0,0.0
667,紅米 NOTE 7 4+64GB-藍（香港行貨）,H5912001_S_Xa0067-be,smartphone,0.0,0.0,0.0
668,SP618 八核極速高配手機,H5683001_S_P1598,smartphone,0.0,0.0,0.0
669,S60（香港行貨）,H5912001_S_Ca0002,smartphone,0.0,0.0,0.0
670,DESIRE 12 PLUS 32GB（黑色）（香港行貨）,H5912001_S_HT0002_bk,smartphone,0.0,0.0,0.0
671,DESIRE 12 PLUS 32GB（黑色）（香港行貨）,H5912001_S_HT0002_bk,smartphone,0.0,0.0,0.0
672,Xero XM05 Black 長者機大聲大字 香港行貨一年保養,H5982001_S_xeroxm05black,smartphone,0.0,0.0,0.0
673,H4493 Xperia XA2 Plus 智能電話 (黑色) - Sony,H0775023_S_SONYH4493BLK,smartphone,0.0,0.0,0.0
674,Xperia 10 4GB+64GB 銀色 香港行貨,H6588001_S_Sony_Xperia10_Silver,smartphone,0.0,0.0,0.0
675,Xperia 10 4GB+64GB 軍藍色 香港行貨,H6588001_S_Sony_Xperia10_Navy,smartphone,0.0,0.0,0.0
676,Galaxy A70 SM-A705 雙卡雙待 6+128GB 智能手機-白 (香港行貨),H5912001_S_SAM0050-we,smartphone,0.0,0.0,0.0
677,OnePlus 7 Pro 12GB+256GB 星霧藍色 平行進口 中國版,H6588001_S_Oneplus_7_pro_12_512_NebulaBlue,smartphone,0.0,0.0,0.0
678,Pixel 3a XL 4GB+64GB 白色 平行進口,H6588001_S_Pixel_3a_XL_64_White,smartphone,0.0,0.0,0.0
679,"香港行貨 2018 iPhone 8 4.7""太空灰 64GB",S1103001_S_iphone8_64_BLK,smartphone,0.0,0.0,0.0
680,Galaxy A20 3GB+32GB A205 黑色 (水貨),H6588002_S_Samsung_A20_Black_CN,smartphone,0.0,0.0,0.0
681,Galaxy Note 10 8GB+256GB N9700-銀（香港行貨）,H5912001_S_SAM0074-sr,smartphone,0.0,0.0,0.0
682,"K8  Note 5.5"" XT1902-03 4+64G 智能電話(金)",H0775019_S_L04,smartphone,0.0,0.0,0.0
683,Honor V20 6+128GB-黑（香港行貨）,H5912001_S_HU0009-bk,smartphone,0.0,0.0,0.0
684,6.22吋 4G-LTE 智能手機 - Y91C (2+32GB) (海洋藍) (原裝行貨),H0972006_S_vivo_Y91C_Blue,smartphone,0.0,0.0,0.0
685,Xperia 1 6GB+128GB 霞紫色 香港行貨,H6588001_S_Sony_Xperia_1_Purple,smartphone,0.0,0.0,0.0
686,Y17 4GB+128GB 幻影紫色 香港行貨,H6588001_S_Vivo_Y17_Purple,smartphone,0.0,0.0,0.0
687,小米9 黑色 6G 128G Rom (香港行貨，小米1年保養),H0610012_S_241-75-A00093-1,smartphone,0.0,0.0,0.0
688,iPhone XS Max  Presidio Clear + Glitter Case,H5892002_S_117112-6603,smartphone,0.0,0.0,0.0
689,Y7 Pro 2019 3GB+32GB-黑（香港行貨）,H5912001_S_HU0012-bk,smartphone,0.0,0.0,0.0
690,Z5S 6+64GB雙卡雙待-橙（平行進口）,H5912001_S_LN0007-or,smartphone,0.0,0.0,0.0
691,Galaxy S10+ SM-G975U 12GB+1TB 智能手機-黑 (香港行貨),H5912001_S_SAM0058-bk,smartphone,0.0,0.0,0.0
692,Galaxy A60 6GB/128GB A6060 藍色 (水貨),H6588002_S_Samsung_A60_128_Blue_CN,smartphone,0.0,0.0,0.0
693,A3XL 4G 智能電話 (灰銀),H0775001_S_AL02GSLI,smartphone,0.0,0.0,0.0
694,Galaxy S10 8GB+128GB 幻鑽黑色 香港行貨,H6588001_S_Samsung_S10_128_Black,smartphone,0.0,0.0,0.0
695,Y9 2019 4+64GB-紫（香港行貨）,H5912001_S_HU0013-pe,smartphone,0.0,0.0,0.0
696,X-FAST DUAL 32GB K600（黑色）(平行進口),H5912001_S_LG0007_bk,smartphone,0.0,0.0,0.0
697,Pro 128GB（黑色）（香港行貨）,H5912001_S_ST0001_bk,smartphone,0.0,0.0,0.0
698,BlackBerry DTEK60 Silver 香港行貨一年保養,H5982001_S_blackberrydtek60,smartphone,0.0,0.0,0.0
699,Y15 智能電話 (4+64GB) - 珍珠黑,H0972010_S_Y15_Black,smartphone,0.0,0.0,0.0
700,Y12 智能電話 (3+32GB) - 海軍藍色,H0972010_S_000059,smartphone,0.0,0.0,0.0
701,P30 Pro 8GB+256GB 極光色 香港行貨,H6588001_S_Huawei_P30_Pro_Aurora,smartphone,0.0,0.0,0.0
702,Pixel 3a XL 4GB+64GB 黑色 平行進口,H6588001_S_Pixel_3a_XL_64_Black,smartphone,0.0,0.0,0.0
703,LMQ710 Q Stylus + 64GB-紫（香港行貨）,H5912001_S_LG0010,smartphone,0.0,0.0,0.0
704,Y9 2019 4GB+64GB 黑色 香港行貨,H6588001_S_Huawei_Y9_2019_Black,smartphone,0.0,0.0,0.0
705,Nova 4 8GB+128GB 黑色 香港行貨,H6588001_S_Nova_4_Black,smartphone,0.0,0.0,0.0
706,GALAXY S9+ DUAL 256GB G965FD 黑 (平行進口),H5912001_S_SAM0012_bk,smartphone,0.0,0.0,0.0
707,Xperia L3 3GB+32GB 黑色 香港行貨,H6588001_S_Sony_Xperia_L3_Black,smartphone,0.0,0.0,0.0
708,PIXEL XL 128GB（黑色）（平行進口）,H5912001_S_GE0004_bk,smartphone,0.0,0.0,0.0
709,4G-LTE 智能手機 - Mi Play (黑色),H7019001_S_Mi_Play_Black,smartphone,0.0,0.0,0.0
710,小米9 藍色 6G 128G Rom (香港行貨，小米1年保養),H0610012_S_241-75-A00095-1,smartphone,0.0,0.0,0.0
711,Xperia 10 Plus 6GB+64GB 金色 香港行貨,H6588001_S_Sony_Xperia10Plus_Gold,smartphone,0.0,0.0,0.0
712,6.22吋 4G-LTE 智能手機 - Y91C (2+32GB) (典雅黑) (原裝行貨),H0972006_S_vivo_Y91C_Black,smartphone,0.0,0.0,0.0
713,Galaxy A70 6GB/128GB A7050 黑色 (水貨),H6588002_S_Samsung_A70_Black_CN,smartphone,0.0,0.0,0.0
714,智能手機 K5 Play 黑色,H0775001_S_K5_Play_bk,smartphone,0.0,0.0,0.0
715,索尼 Xperia L3 I4332 銀色,H0775001_S_C01961,smartphone,0.0,0.0,0.0
716,POP4 7070i智能電話(金),H0775001_S_AL05GLD,smartphone,0.0,0.0,0.0
717,Galaxy S10+ 8GB+512GB 陶瓷黑色 香港行貨,H6588001_S_Samsung_S10P_512_Black,smartphone,0.0,0.0,0.0
718,XIAOMI-紅米 6 (4GB+64GB) -金 (香港行貨),H5912001_S_Xa0019_gd,smartphone,0.0,0.0,0.0
719,Redmi K20 Mi9t 6+128GB-黑(平行進口),H5912001_S_Xa0074-bk,smartphone,0.0,0.0,0.0
720,OnePlus 6t 8GB+128GB 午夜黑色 平行進口 中國版,H6588001_S_OP6t_8_128_MidBlk,smartphone,0.0,0.0,0.0
721,Honor V20 8+256GB-藍（香港行貨）,H5912001_S_HU0010-be,smartphone,0.0,0.0,0.0
722,MUSASHI 武藏日系超薄摺機 - FTJ161A (白色),H7019001_S_FTJ161A_White,smartphone,0.0,0.0,0.0
723,4G-LTE 智能手機 - Honor 8A (黑色),H7019001_S_Honor_8A_Black,smartphone,0.0,0.0,0.0
724,Sony H8296 Xperia XZ2 Black 平行進口,H5982001_S_sonyh8296black64gb,smartphone,0.0,0.0,0.0
725,4G-LTE 三防智能手機 - ARMOR 6 (6+128GB) (黑色) (原廠行貨),H0972006_S_Armor_6_Black,smartphone,0.0,0.0,0.0
726,Galaxy S10e 6+128GB-黑(香港行貨),H5912001_S_SAM0059-bk,smartphone,0.0,0.0,0.0
727,Galaxy S10e 6+128GB-黑(香港行貨),H5912001_S_SAM0059-bk,smartphone,0.0,0.0,0.0
728,香港行貨(幻黑)GALAXY NOTE 10+ N9750 12GB RAM 256GB ROM,H7007001_S_SAMN975256H01BK01,smartphone,0.0,0.0,0.0
729,SAMSUNG Galaxy J2 Core 8GB Lavender 平行進口,H5982001_S_samsungj260fdlavender,smartphone,0.0,0.0,0.0
730,Galaxy S10 8GB+512GB 幻鑽黑色 香港行貨,H6588001_S_Samsung_S10_512_Black,smartphone,0.0,0.0,0.0
731,Y17 (原裝行貨) 全面屏手機 (4GB RAM+128GB ROM),H5937001_S_1902BU,smartphone,0.0,0.0,0.0
732,Xperia 10 Plus I4293 6+64GB 智能手機-黑 (香港行貨),H5912001_S_SY0015-bk,smartphone,0.0,0.0,0.0
733,Pictar One Plus 手機拍攝握把 銀白色特別版 適用於 iPhone 和 Android（4.7” 以上屏幕）,H0710001_S_MGO-SW46,smartphone,0.0,0.0,0.0
734,Caterpillar CAT S31 香港行貨一年保養,H5982001_S_cats31,smartphone,0.0,0.0,0.0
735,RG850 - IP68防水防塵認證 / MIL-STD 810G防摔 / 可戴上手套或濕手操作智能電話,H0972006_S_RG850,smartphone,0.0,0.0,0.0
736,索尼 Xperia XZ3 H9493 Green,H0775001_S_C01951,smartphone,0.0,0.0,0.0
737,索尼 Sony Xperia 10 I4193 銀色,H0775001_S_C01958,smartphone,0.0,0.0,0.0
738,Z6 青春版 (4+64GB) 智能手機【平行進口】,H5170001_S_C000542-BK,smartphone,0.0,0.0,0.0
739,"香港行貨 2018 iPhone 8 5.5""太空灰 64GB",S1103001_S_iphone8_64P_BLK,smartphone,0.0,0.0,0.0
740,GALAXY S9+ DUAL 128GB G965FD 黑 (平行進口),H5912001_S_SAM0011_bk,smartphone,0.0,0.0,0.0
741,Sony Xperia XZ F8332 64gb Silver 平行進口,H5982001_S_sonyf8332white,smartphone,0.0,0.0,0.0
742,索尼 Xperia L3 I4332 金色,H0775001_S_C01962,smartphone,0.0,0.0,0.0
743,iPhone XR 64GB-紅(香港行貨),H5912001_S_AP0018-rd,smartphone,0.0,0.0,0.0
744,紅米 7 紅色 3G 64G Rom (香港行貨，小米1年保養),H0610012_S_241-75-A00098-1,smartphone,0.0,0.0,0.0
745,SP598 十核極速高配手機,H5683001_S_P1669,smartphone,0.0,0.0,0.0
746,Xperia XZ3 6+64GB 智能手機-紅 (香港行貨),H5912001_S_SY0016-rd,smartphone,0.0,0.0,0.0
747,Honor Note 10 6 + 64GB-黑（平行進口）,H5912001_S_HU0015-bk,smartphone,0.0,0.0,0.0
748,Keyone Silver 32GB（香港行貨）,H5912001_S_BY0002,smartphone,0.0,0.0,0.0
749,NU3S，Qualcomm四核，簡約易控，一年保養！,H0778001_S_NU3S_BK,smartphone,0.0,0.0,0.0
750,Z5s 藍色 L78071,H0775019_S_C02052,smartphone,0.0,0.0,0.0
751,K9 藍色 前後雙鏡,H0775019_S_C02054,smartphone,0.0,0.0,0.0
752,Z5S 6+128GB 雙卡雙待-黑（平行進口）,H5912001_S_LN0008-bk,smartphone,0.0,0.0,0.0
753,Galaxy S10 SM-G973U 8+128GB 智能手機-緑（香港行貨）,H5912001_S_SAM0054-gn,smartphone,0.0,0.0,0.0
754,Reno 6GB+256GB 霧海綠色 平行進口 中國版,H6588001_S_Oppo_Reno_6_256_Green,smartphone,0.0,0.0,0.0
755,魅族Note9 4GB Ram / 64GB Rom，6.2“手機（白色）,H6781001_S_Note-9-M923H,smartphone,0.0,0.0,0.0
756,iPhone XR 256GB-黃(香港行貨),H5912001_S_AP0020-ye,smartphone,0.0,0.0,0.0
757,iPhone XS Max 64GB-黑（香港行貨）,H5912001_S_AP0024-bk,smartphone,0.0,0.0,0.0
758,SAMSUNG Galaxy A50 4gb ram+128gb White 平行進口,H5982001_S_samsunga50128gbwhite,smartphone,0.0,0.0,0.0
759,NEX S 8GB+128GB 星鑽黑色 香港行貨,H6588001_S_Vivo_NEX1,smartphone,0.0,0.0,0.0
760,Armor 2S - 三防堅固 / NFC / 4700mAh大電量智能手機,H0972006_S_2S,smartphone,0.0,0.0,0.0
761,iQOO - 電競手機 S855 / 12GB RAM / 128GB ROM / 4000mAh超長續航 (電光藍),H0972006_S_IQOO_BU,smartphone,0.0,0.0,0.0
762,6.59吋 4G-LTE 智能手機 - NEX (8+128GB) (黑藍) (原裝行貨),H0972006_S_vivo_NEX,smartphone,0.0,0.0,0.0
763,索尼 Xperia XA2 Plus H4493 黑色,H0775001_S_C01946,smartphone,0.0,0.0,0.0
764,索尼 Xperia XZ3 H9493 Red,H0775001_S_C01952,smartphone,0.0,0.0,0.0
765,Moto E4 Plus 3G+32G (灰色) (PA6Y0010HK) - 全新機,H5023002_S_PA6Y0010HK,smartphone,0.0,0.0,0.0
766,Galaxy A80 8+128GB a8050-銀（平行進口）,H5912001_S_SAM0070-sr,smartphone,0.0,0.0,0.0
767,Y91C 2GB+32GB 典雅黑色 香港行貨,H6588001_S_Vivo_Y91C_Black,smartphone,0.0,0.0,0.0
768,Reno 6GB+128GB 極夜黑色 平行進口 中國版,H6588001_S_Oppo_Reno_6_128_Black,smartphone,0.0,0.0,0.0
769,Y17 4GB+128GB 寶石藍色 香港行貨,H6588001_S_Vivo_Y17_Blue,smartphone,0.0,0.0,0.0
770,Moto G5 Plus XT1685 (4+32G) 智能電話,H0775019_S_L06,smartphone,0.0,0.0,0.0
771,紅米 K20 Pro 8GB+256GB 黑色 平行進口 中國版,H6588001_S_Redmi_K20Pro_8_256_Black_cn,smartphone,0.0,0.0,0.0
772,P30 Lite 6GB+128GB（香港行貨）珍珠白,H5300001_S_AHUMAR-LX26-128GBPW1,smartphone,0.0,0.0,0.0
773,ONE PLUS 7 Pro 6+128GB-黑（平行進口）,H5912001_S_OP0009,smartphone,0.0,0.0,0.0
774,DTEK60 32GB（香港行貨）,H5912001_S_BY0005,smartphone,0.0,0.0,0.0
775,Alcatel 5V Blue 香港行貨一年保養,H5982001_S_alcatel5vblue,smartphone,0.0,0.0,0.0
776,SP528高清四核 4G LTE手機,H5683002_S_P1472,smartphone,0.0,0.0,0.0
777,V11 6GB+128GB 星雲紫 香港行貨,H6588001_S_Vivo_V11_Nebula,smartphone,0.0,0.0,0.0
778,NEX 雙屏版 10GB+128GB 冰原藍色 香港行貨,H6588001_S_Vivo_NEX2_Blue,smartphone,0.0,0.0,0.0
779,D6全智能4G手機,H5683001_S_P2334,smartphone,0.0,0.0,0.0
780,索尼 Sony Xperia 10 I4193 黑色,H0775001_S_C01956,smartphone,0.0,0.0,0.0
781,智能手機 S5 黑色,H0775019_S_Lenovo_S5,smartphone,0.0,0.0,0.0
782,Z5 Pro GT 8+256GB-黑（平行進口）,H5912001_S_LN0006,smartphone,0.0,0.0,0.0
783,"香港行貨 2018 iPhone 8 4.7""銀色 64GB",S1103001_S_iphone8_64_SIL,smartphone,0.0,0.0,0.0
784,香港行貨(黑色)GALAXY A70 A7050 6GB RAM 128GB ROM,H7007001_S_SAMA70506H01BK01,smartphone,0.0,0.0,0.0
785,GALAXY S9+ DUAL 64GB G965FD 黑 (平行進口),H5912001_S_SAM0010_bk,smartphone,0.0,0.0,0.0
786,Xperia 1 6GB+128GB 霧灰色 香港行貨,H6588001_S_Sony_Xperia_1_Grey,smartphone,0.0,0.0,0.0
787,Xperia 1 6GB+128GB 雪白色 香港行貨,H6588001_S_Sony_Xperia_1_White,smartphone,0.0,0.0,0.0
788,"C9 2ram / 16rom  , 5.5"" 智能手機 (黑色)",S2229001_S_MZC9BK,smartphone,0.0,0.0,0.0
789,"C9 2ram / 16rom  , 5.5"" 智能手機 (藍色)",S2229001_S_MZC9BL,smartphone,0.0,0.0,0.0
790,iPhone XR 128GB-藍(香港行貨),H5912001_S_AP0019-be,smartphone,0.0,0.0,0.0
791,S61 64GB 智能手機 (香港行貨),H5912001_S_Ca0004,smartphone,0.0,0.0,0.0
792,Keyone 64GB dual sim（香港行貨）,H5912001_S_BY0004,smartphone,0.0,0.0,0.0
793,M8S 64GB（香港行貨）,H5912001_S_ME0003,smartphone,0.0,0.0,0.0
794,4G-LTE 智能手機 - Note 7P (紫色),H7019001_S_Note_7P_Purple,smartphone,0.0,0.0,0.0
795,OnePlus 6T 128GB 午夜黑,H5300001_S_AOEA60106_128GBMBK4,smartphone,0.0,0.0,0.0
796,[最新型號]U12+ (6+128) 極鏡黑 智能電話(新一代水漾玻璃機身),H0775012_S_U12P1,smartphone,0.0,0.0,0.0
797,6.3吋 4G-LTE 智能手機 - V9 (4+64GB) (瓷釉黑) (原裝行貨),H0972006_S_vivo_V9_Black,smartphone,0.0,0.0,0.0
798,Galaxy S10 SM-G973U 8+512GB 智能手機-黑（香港行貨）,H5912001_S_SAM0055-bk,smartphone,0.0,0.0,0.0
799,Galaxy S10+ SM-G975U 8+128GB 智能手機-白 (香港行貨),H5912001_S_SAM0056-we,smartphone,0.0,0.0,0.0
800,Galaxy S10+ SM-G975U 8+512GB 智能手機-白 (香港行貨),H5912001_S_SAM0057-we,smartphone,0.0,0.0,0.0
801,Galaxy S10+Plus SM-G975U 8+128GB 智能手機-緑(平行進口),H5912001_S_SAM0073-gn,smartphone,0.0,0.0,0.0
802,香港行貨(棱鏡綠)GALAXY S10 G9730 8GB RAM 128GB ROM,H7007001_S_SAMG9730H01GN01,smartphone,0.0,0.0,0.0
803,香港行貨(珊瑚色)GALAXY A70 A7050 6GB RAM 128GB ROM,H7007001_S_SAMA70506H01CO01,smartphone,0.0,0.0,0.0
804,香港行貨(白色)GALAXY A70 A7050 6GB RAM 128GB ROM,H7007001_S_SAMA70506H01WH01,smartphone,0.0,0.0,0.0
805,Y91C 2GB+32GB 海洋藍色 香港行貨,H6588001_S_Vivo_Y91C_Blue,smartphone,0.0,0.0,0.0
806,OnePlus 7 Pro 6GB+128GB 曜岩灰色 平行進口 中國版,H6588001_S_OnePlus_7_Pro_6_128_MirrorGray,smartphone,0.0,0.0,0.0
807,Reno 6GB+128GB 星雲紫色 平行進口 中國版,H6588001_S_Oppo_Reno_6_128_Purple,smartphone,0.0,0.0,0.0
808,MOTO G6 Plus 64GB (香港行貨),H5912001_S_MO0009,smartphone,0.0,0.0,0.0
809,"Meizu C9 2ram / 16rom , 5.5"" cell phone (Blue)",H6781001_S_meizu_c9_bu,smartphone,0.0,0.0,0.0
810,"iPhone 8 4.7"" 金色 256GB",H5866001_S_MQ7H2ZP,smartphone,0.0,0.0,0.0
811,iPhone X 太空灰 256GB 包含 AppleCare+ 全方位服務計劃保障 2Years,H5866001_S_MQA82ZPAPPLECAREPLUS,smartphone,0.0,0.0,0.0
812,紅米 7 藍色 3G 64G Rom (香港行貨，小米1年保養),H0610012_S_241-75-A00097-1,smartphone,0.0,0.0,0.0
813,紅米 7 黑色 3G 64G Rom (香港行貨，小米1年保養),H0610012_S_241-75-A00096-1,smartphone,0.0,0.0,0.0
814,紅米 K20 Pro 6+128GB-黑 (平行進口),H5912001_S_Xa0075-bk,smartphone,0.0,0.0,0.0
815,S41（香港行貨）,H5912001_S_Ca0003,smartphone,0.0,0.0,0.0
816,Xperia 10 I4193 6+64GB 智能手機-粉 (香港行貨),H5912001_S_SY0014-pk,smartphone,0.0,0.0,0.0
817,G5 DUAL 32GB H860-黑(平行進口),H5912001_S_LG0002_bk,smartphone,0.0,0.0,0.0
818,4G-LTE 智能手機 - Ulefone X (黑色),H7019001_S_Ulefone_X_Black,smartphone,0.0,0.0,0.0
819,4G-LTE 三防智能手機 - Armor 6 (黑色),H7019001_S_Armor_6_Black,smartphone,0.0,0.0,0.0
820,[最新型號] U12+ (6+128) 火焰紅 智能電話(新一代水漾玻璃機身),H0775012_S_U12P3,smartphone,0.0,0.0,0.0
821,Y6 Prime 2018 3GB+32GB 黑色 香港行貨,H6588001_S_Huawei_Y6_Prime_2018_Black,smartphone,0.0,0.0,0.0
822,Xperia 10 Plus 6GB+64GB 銀色 香港行貨,H6588001_S_Sony_Xperia10Plus_Silver,smartphone,0.0,0.0,0.0
823,V6 6GB+128GB 愛丁堡藍色 香港行貨,H6588001_S_Meitu_V6_Blue,smartphone,0.0,0.0,0.0
824,iQOO Pro 5G版- 電競手機 S855 Plus / 8GB RAM / 256GB ROM / 4500mAh超長續航 (競速黑),H0972006_S_iQOO_Pro5G,smartphone,0.0,0.0,0.0
825,6.41吋 4G-LTE 智能手機 - V11 (6+128GB) (星雲色) (原裝行貨),H0972006_S_vivo_V11_Purple,smartphone,0.0,0.0,0.0
826,4G-LTE 智能手機 ZenFone Max Pro - ZB602KL (銀色),H7019001_S_ZB602KL_Silver,smartphone,0.0,0.0,0.0
827,K9 黑色 前後雙鏡,H0775019_S_C02099,smartphone,0.0,0.0,0.0
828,Moto G5S Plus 4G+32G (灰色) (PA6V0086HK) - 全新機,H5023002_S_PA6V0086HK,smartphone,0.0,0.0,0.0
829,香港行貨(棱鏡黑)GALAXY S10+ G9750 8GB RAM 128GB ROM,H7007001_S_SAMG9750H01BK01,smartphone,0.0,0.0,0.0
830,香港行貨(棱鏡白)GALAXY S10 G9730 8GB RAM 128GB ROM,H7007001_S_SAMG9730H01WH01,smartphone,0.0,0.0,0.0
831,OnePlus 7 Pro 8GB+256GB 曜岩灰色 平行進口 中國版,H6588001_S_OnePlus_7_8_256_MirrorGray,smartphone,0.0,0.0,0.0
832,K3 8GB+128GB 秘景黑色 平行進口 中國版,H6588001_S_Oppo_K3_Black,smartphone,0.0,0.0,0.0
833,K3 8GB+128GB 晨曦白色 平行進口 中國版,H6588001_S_Oppo_K3_White,smartphone,0.0,0.0,0.0
834,K3 8GB+128GB 星雲紫色 平行進口 中國版,H6588001_S_Oppo_K3_Purple,smartphone,0.0,0.0,0.0
835,MOTO G6 64GB (香港行貨),H5912001_S_MO0010,smartphone,0.0,0.0,0.0
836,"Meizu C9 Pro 3G ram / 32G rom , 5.5"" cell phone (Black)",H6781001_S_meizu_c9pro,smartphone,0.0,0.0,0.0
837,iPhone X 太空灰 64GB 包含 AppleCare+ 全方位服務計劃保障 2Years,H5866001_S_MQA52ZPAPPLECAREPLUS,smartphone,0.0,0.0,0.0
838,iPhone XS Max 256GB-銀（香港行貨）,H5912001_S_AP0025-sr,smartphone,0.0,0.0,0.0
839,紅米 K20 Pro 8GB+256GB 紅色 平行進口 中國版,H6588001_S_Redmi_K20Pro_8_256_Red_cn,smartphone,0.0,0.0,0.0
840,Alcatel 5V Black 香港行貨一年保養,H5982001_S_alcatel5vblack,smartphone,0.0,0.0,0.0
841,NEX 雙屏版智能電話-冰原藍(香港行貨),H6691001_S_TL000574,smartphone,0.0,0.0,0.0
842,Y91C (原裝行貨) 水滴全面屏手機 (2GB RAM+32GB ROM),H5937001_S_1820BL,smartphone,0.0,0.0,0.0
843,Honor Note 10 6 + 128GB-藍（平行進口）,H5912001_S_HU0016-be,smartphone,0.0,0.0,0.0
844,Honor Note 10 6 + 128GB-藍（平行進口）,H5912001_S_HU0016-be,smartphone,0.0,0.0,0.0
845,Keyone 64GB（香港行貨）,H5912001_S_BY0003,smartphone,0.0,0.0,0.0
846,4G-LTE 智能手機 - RE1 (黑色),H7019001_S_RE1_Black,smartphone,0.0,0.0,0.0
847,4G-LTE 智能手機 - RE1 (黑色),H7019001_S_RE1_Black,smartphone,0.0,0.0,0.0
848,NEX 智能電話-黑色(香港行貨),H6691001_S_TL000573,smartphone,0.0,0.0,0.0
849,V11 6GB+128GB 星空黑 香港行貨,H6588001_S_Vivo_V11_Black,smartphone,0.0,0.0,0.0
850,V11 6GB+128GB 星空黑 香港行貨,H6588001_S_Vivo_V11_Black,smartphone,0.0,0.0,0.0
851,OnePlus 6 8GB+128GB 亮瓷黑色 平行進口 中國版,H6588001_S_OP6_8_128_MirBlk,smartphone,0.0,0.0,0.0
852,OnePlus 6 8GB+128GB 亮瓷黑色 平行進口 中國版,H6588001_S_OP6_8_128_MirBlk,smartphone,0.0,0.0,0.0
853,OnePlus 6 8GB+256GB 午夜黑色 平行進口 中國版,H6588001_S_OP6_8_256_MidBlk,smartphone,0.0,0.0,0.0
854,OnePlus 6 8GB+256GB 午夜黑色 平行進口 中國版,H6588001_S_OP6_8_256_MidBlk,smartphone,0.0,0.0,0.0
855,Z6 Pro 藍黑色 L78071,H0775019_S_C02053,smartphone,0.0,0.0,0.0
856,LENOVO Z5S(L78071)智能手機,S1076001_S_PAEY0019HK,smartphone,0.0,0.0,0.0
857,LENOVO Z5S(L78071)智能手機,S1076001_S_PAEY0019HK,smartphone,0.0,0.0,0.0
858,Z5 Pro GT 6+128GB-黑（平行進口）,H5912001_S_LN0005,smartphone,0.0,0.0,0.0
859,Z5 Pro GT 6+128GB-黑（平行進口）,H5912001_S_LN0005,smartphone,0.0,0.0,0.0
860,K5 Play 3+32GB-黑（香港行貨）,H5912001_S_LN0009-bk,smartphone,0.0,0.0,0.0
861,K5 Play 3+32GB-黑（香港行貨）,H5912001_S_LN0009-bk,smartphone,0.0,0.0,0.0
862,香港行貨(棱鏡綠)GALAXY S10+ G9750 8GB RAM 128GB ROM,H7007001_S_SAMG9750H01GN01,smartphone,0.0,0.0,0.0
863,香港行貨(黑色)GALAXY A70 A7050 8GB RAM 128GB ROM,H7007001_S_SAMA70508H01BK01,smartphone,0.0,0.0,0.0
864,紅米 K20 Pro 8GB+128GB 紅色 平行進口 中國版,H6588001_S_Redmi_K20Pro_8_128_Red_cn,smartphone,0.0,0.0,0.0
865,Reno 10X 8GB+256GB 霧海綠色 平行進口 中國版,H6588001_S_Oppo_Reno_10X_8GB_Green,smartphone,0.0,0.0,0.0
866,Reno 6GB+256GB 薄霧粉色 平行進口 中國版,H6588001_S_Oppo_Reno_6_256_Pink,smartphone,0.0,0.0,0.0
867,Xperia 1 6GB+128GB 夜黑色 香港行貨,H6588001_S_Sony_Xperia_1_Black,smartphone,0.0,0.0,0.0
868,OnePlus 6t 8GB+256GB 午夜黑色 平行進口 中國版,H6588001_S_OP6t_8_256_MidBlk,smartphone,0.0,0.0,0.0
869,V15 Pro 6GB+128GB 珊瑚紅色 香港行貨,H6588001_S_Vivo_V15Pro_Red,smartphone,0.0,0.0,0.0
870,"Moto Z2 Force : XT1789-06 ,6/64GB 智能電話",H0775019_S_L12,smartphone,0.0,0.0,0.0
871,"iPhone 8 4.7"" 金色 256GB 包含 AppleCare+ 全方位服務計劃保障 2Years",H5866001_S_MQ7H2ZPAPPLECAREPLUS,smartphone,0.0,0.0,0.0
872,SP586極速八核4G智能手機,H5683002_S_P1870,smartphone,0.0,0.0,0.0
873,U12 Life 月光藍 (4GB RAM + 64GB ROM),H0775012_S_htcu12lmlb,smartphone,0.0,0.0,0.0
874,MOTO Z2 FORCE (香港行貨),H5912001_S_MO0001,smartphone,0.0,0.0,0.0
875,索尼Xperia L3 I4332 黑色,H0775001_S_C01960,smartphone,0.0,0.0,0.0
876,iQOO Neo - 電競手機 S845 / 8GB RAM / 128GB ROM / 4500mAh超長續航 (電光紫),H0972006_S_iQOO_Neo,smartphone,0.0,0.0,0.0
877,紅米 K20 Pro 8+128GB-藍 (平行進口),H5912001_S_Xa0076-be,smartphone,0.0,0.0,0.0
878,香港行貨(棱鏡銀)GALAXY S10+ G9750 8GB RAM 128GB ROM,H7007001_S_SAMG9750H01SV01,smartphone,0.0,0.0,0.0
879,4G-LTE 智能手機 - Power 6 (藍色),H7019001_S_Power_6_Blue,smartphone,0.0,0.0,0.0
880,4G-LTE 智能手機 - IQOO (藍色),H7019001_S_IQOO_Blue,smartphone,0.0,0.0,0.0
881,紅米 K20 Pro 6GB+128GB 黑色 平行進口 中國版,H6588001_S_Redmi_K20Pro_6_128_Black_cn,smartphone,0.0,0.0,0.0
882,紅米 K20 Pro 8GB+256GB 藍色 平行進口 中國版,H6588001_S_Redmi_K20Pro_8_256_Blue_cn,smartphone,0.0,0.0,0.0
883,Reno 10X 8GB+256GB 極夜黑色 平行進口 中國版,H6588001_S_Oppo_Reno_10X_8GB_Black,smartphone,0.0,0.0,0.0
884,Y7 Pro 2019 3GB+32GB 極光藍色 香港行貨,H6588001_S_Huawei_Y7_Pro_2019_Blue,smartphone,0.0,0.0,0.0
885,iQOO 8GB+128GB 橙色 平行進口 中國版,H6588001_S_Vivo_IQOO_8_128_Orange,smartphone,0.0,0.0,0.0
886,U6 曲面全屏高配八核手機,H5683001_S_P2215,smartphone,0.0,0.0,0.0
887,6.39吋 4G-LTE 智能手機 - NEX雙屏版 (10+128GB) (冰原藍) (原裝行貨),H0972006_S_vivo_NEX_Dual_Display,smartphone,0.0,0.0,0.0
888,6.22吋 4G-LTE 智能手機 - Y95 (4+64GB) (星夜黑) (原裝行貨),H0972006_S_vivo_Y95_Black,smartphone,0.0,0.0,0.0
889,6.41吋 4G-LTE 智能手機 - V11 (6+128GB) (星空色) (原裝行貨),H0972006_S_vivo_V11_Black,smartphone,0.0,0.0,0.0
890,Reno 10X 6GB+128GB 極夜黑色 平行進口 中國版,H6588001_S_Oppo_Reno_10X_6GB_Black,smartphone,0.0,0.0,0.0
891,Y95 4GB+64GB 極光紅 香港行貨,H6588001_S_Vivo_Y95_Red,smartphone,0.0,0.0,0.0
892,OnePlus 6 6GB+64GB 亮瓷黑色 平行進口 中國版,H6588001_S_OP6_6_64_MirBlk,smartphone,0.0,0.0,0.0
893,E3 Power 智能電話,H0775019_S_L26,smartphone,0.0,0.0,0.0
894,"Moto C plus 5""  XT1721 2+16G 智能電話 (白)",H0775019_S_L11,smartphone,0.0,0.0,0.0
895,Y95 4+64GB 全新水滴屏-黑色（香港行貨）,H5912001_S_VI0001,smartphone,0.0,0.0,0.0
896,Y95 4+64GB 全新水滴屏-紅色（香港行貨）,H5912001_S_VI0002,smartphone,0.0,0.0,0.0
897,V9 智能電話(4+64)金色(香港行貨),H6691001_S_TL000478,smartphone,0.0,0.0,0.0
898,Y85 智能電話-黑色(香港行貨),H6691001_S_TL000601,smartphone,0.0,0.0,0.0
899,iPhone XS 256GB-銀（香港行貨）,H5912001_S_AP0022-sr,smartphone,0.0,0.0,0.0
900,M8 64GB（紅色）（香港行貨）,H5912001_S_ME0004_ed,smartphone,0.0,0.0,0.0
901,V11 (原裝行貨) 水滴屏手機 (6GB RAM+128GB ROM),H5937001_S_1804BB,smartphone,0.0,0.0,0.0
902,6.22吋 4G-LTE 智能手機 - Y95 (4+64GB) (極光紅) (原裝行貨),H0972006_S_vivo_Y95_Red,smartphone,0.0,0.0,0.0
903,AM160 Wireless Multi-Room Stereo Amplifier,H0972006_S_AM160,smartphone,0.0,0.0,0.0
904,X9S 4+64GB-黑（平行進口）,H5912001_S_VI0013-bk,smartphone,0.0,0.0,0.0
905,X20 4+64GB-粉（平行進口）,H5912001_S_VI0014,smartphone,0.0,0.0,0.0
906,"C9 Pro 3G ram / 32G rom  , 5.5"" 智能手機 (金色)",S2229001_S_MZC9PROGD,smartphone,0.0,0.0,0.0
907,LunaR-Nylon watch - Grey,H5688002_S_DG108700005,smartphone,0.0,0.0,0.0
908,香港行貨(陶瓷白)GALAXY S10+ G9750 8GB RAM 512GB ROM,H7007001_S_SAMG9750512H01WH01,smartphone,0.0,0.0,0.0
909,4G-LTE 智能手機 - Honor 10 (黑色),H7019001_S_Honor_10_Black,smartphone,0.0,0.0,0.0
910,香港行貨(藍色)GALAXY A70 A7050 8GB RAM 128GB ROM,H7007001_S_SAMA70508H01BU01,smartphone,0.0,0.0,0.0
911,LunaR-Leather Watch (Genuine distressed)  - Walnut Brown,H5688002_S_DG108700006,smartphone,0.0,0.0,0.0
912,紅米 K20 Pro 6GB+128GB 藍色 平行進口 中國版,H6588001_S_Redmi_K20Pro_6_128_Blue_cn,smartphone,0.0,0.0,0.0
913,紅米 K20 Pro 8GB+128GB 藍色 平行進口 中國版,H6588001_S_Redmi_K20Pro_8_128_Blue_cn,smartphone,0.0,0.0,0.0
914,Xperia 10 4GB+64GB 黑色 香港行貨,H6588001_S_Sony_Xperia10_Black,smartphone,0.0,0.0,0.0
915,OnePlus 6 8GB+128GB 午夜黑色 平行進口 中國版,H6588001_S_OP6_8_128_MidBlk,smartphone,0.0,0.0,0.0
916,PIXEL XL 32GB（黑色）（平行進口）,H5912001_S_GE0003_bk,smartphone,0.0,0.0,0.0
917,Moto Z2 Play XT1710-09 64G 智能電話,H0775019_S_L07,smartphone,0.0,0.0,0.0
918,Moto E4Plus XT1770 3+32G 智能電話 (金),H0775019_S_L08,smartphone,0.0,0.0,0.0
919,MOTO G5 PLUS 32GB (XT1685) - L.GRAY(4+32GB),S1076001_S_AP3819AC3X3,smartphone,0.0,0.0,0.0
920,Y85 智能電話-紅色(香港行貨),H6691001_S_TL000578,smartphone,0.0,0.0,0.0
921,智能手機 K5 Play 藍色,H0775001_S_K5_Play_bu,smartphone,0.0,0.0,0.0
922,NU4，Sony鏡頭，3000mAh電池，一年保養！,H0778001_S_NU4,smartphone,0.0,0.0,0.0
923,6.39吋 4G-LTE 智能手機 - V15 Pro (6+128GB) (水晶藍) (原裝行貨),H0972006_S_vivo_V15_Pro_Blue,smartphone,0.0,0.0,0.0
924,6.39吋 4G-LTE 智能手機 - V15 Pro (6+128GB) (珊瑚紅) (原裝行貨),H0972006_S_vivo_V15_Pro_Red,smartphone,0.0,0.0,0.0
925,X27 8+128GB-藍（香港行貨）,H5912001_S_VI0015,smartphone,0.0,0.0,0.0
926,"Note9 4GB Ram / 128GB Rom , 6.2"" 智能電話 (黑色)",S2229001_S_MZN9128BK,smartphone,0.0,0.0,0.0
927,香港行貨(棱鏡白)GALAXY S10+ G9750 8GB RAM 128GB ROM,H7007001_S_SAMG9750H01WH01,smartphone,0.0,0.0,0.0
928,4G-LTE 智能手機 - Enjoy MAX (黑色),H7019001_S_Enjoy_MAX_Black,smartphone,0.0,0.0,0.0
929,Sony Xperia 1 J9110 6gb + 128gb White 平行進口,H5982001_S_sonyj9110white,smartphone,0.0,0.0,0.0
930,紅米 K20 Pro 6GB+128GB 紅色 平行進口 中國版,H6588001_S_Redmi_K20Pro_6_128_Red_cn,smartphone,0.0,0.0,0.0
931,紅米 K20 Pro 8GB+128GB 黑色 平行進口 中國版,H6588001_S_Redmi_K20Pro_8_128_Black_cn,smartphone,0.0,0.0,0.0
932,Reno 10X 8GB+256GB 薄霧粉色 平行進口 中國版,H6588001_S_Oppo_Reno_10X_8GB_Pink,smartphone,0.0,0.0,0.0
933,V11 智能電話-紫藍色(香港行貨),H6691001_S_TL000609,smartphone,0.0,0.0,0.0
934,Y95智能電話-星空黑(香港行貨),H6691001_S_TL000649,smartphone,0.0,0.0,0.0
935,Y95 智能電話-極光紅(香港行貨),H6691001_S_TL000652,smartphone,0.0,0.0,0.0
936,V11 智能電話-黑藍色(香港行貨),H6691001_S_TL000623,smartphone,0.0,0.0,0.0
937,"K8  5.2"" XT1902-1 3+32G 智能電話(黑)",H0775019_S_L01,smartphone,0.0,0.0,0.0
938,"K8  5.2"" XT1902-1 3+32G 智能電話(金)",H0775019_S_L02,smartphone,0.0,0.0,0.0
939,Moto E4Plus XT1770 3+32G 智能電話 (灰),H0775019_S_L09,smartphone,0.0,0.0,0.0
940,"Moto C plus 5""  XT1721 2+16G 智能電話(黑)",H0775019_S_L10,smartphone,0.0,0.0,0.0
941,"iPhone 11, 128GB - 黑色 #HK行貨",G5031001_S_IP11_128GB_MWN72,smartphone,0.0,0.0,0.0
942,Galaxy Note10 (N9700) 幻黑,H0762001_S_galaxy-note10-n9700-bk-800270614,smartphone,0.0,0.0,0.0
943,Galaxy Note10 (N9700) 幻光,H0762001_S_galaxy-note10-n9700-gl-800270615,smartphone,0.0,0.0,0.0
944,Galaxy Note10 (N9700) 幻白,H0762001_S_galaxy-note10-n9700-wh-800270616,smartphone,0.0,0.0,0.0
945,Galaxy Note10+ 12GB+256GB (N9750) 幻黑,H0762001_S_galaxy-note10-plus-256-n9750-bk-800270617,smartphone,0.0,0.0,0.0
946,Galaxy Note10+ 12GB+256GB (N9750) 幻白,H0762001_S_galaxy-note10-plus-256-n9750-wh-800270619,smartphone,0.0,0.0,0.0
947,"C9 Pro 3G ram / 32G rom  , 5.5"" 智能手機 (黑色)",S2229001_S_MZC9PROBK,smartphone,0.0,0.0,0.0
948,OnePlus 7 12GB+256GB 灰色（平行進口）,H5300001_S_AOEGM190012-256GBGY,smartphone,0.0,0.0,0.0
949,Galaxy A70 SM-A705 雙卡雙待 8+128GB 智能手機-藍 (香港行貨),H5912001_S_SAM0051-be,smartphone,0.0,0.0,0.0
950,香港行貨(魅光白)GALAXY A80 A8050 8GB RAM 128GB ROM,H7007001_S_SAMA8050H01WH01,smartphone,0.0,0.0,0.0
951,Sony Xperia 1 J9110 6gb + 128gb Black 平行進口,H5982001_S_sonyj9110black,smartphone,0.0,0.0,0.0
952,P30 8GB+128GB（香港行貨）極光色,H5300001_S_AHUELE-L298-128GBA1,smartphone,0.0,0.0,0.0
953,P30 8GB+128GB（香港行貨）天空之境,H5300001_S_AHUELE-L298-128GBBC1,smartphone,0.0,0.0,0.0
954,P30 8GB+128GB（香港行貨）黑色,H5300001_S_AHUELE-L298-128GBBK1,smartphone,0.0,0.0,0.0
955,紅米 Note7 4GB+128GB 藍色 香港行貨,H6588001_S_Xiaomi_Redmi_Note7_4_128_Blue_HK,smartphone,0.0,0.0,0.0
956,Nova 5T 8GB+128GB 亮黑色 香港行貨,H6588001_S_Huawei_Nova5T_Black,smartphone,0.0,0.0,0.0
957,Nova 5T 8GB+128GB 蘇音藍色 香港行貨,H6588001_S_Huawei_Nova5T_Blue,smartphone,0.0,0.0,0.0
958,Nova 5T 8GB+128GB 仲夏紫色 香港行貨,H6588001_S_Huawei_Nova5T_Purple,smartphone,0.0,0.0,0.0
959,Xperia 5 6GB+128GB 黑色 香港行貨,H6588001_S_Sony_Xperia_5_Black,smartphone,0.0,0.0,0.0
960,Xperia 5 6GB+128GB 藍色 香港行貨,H6588001_S_Sony_Xperia_5_Blue,smartphone,0.0,0.0,0.0
961,Xperia 5 6GB+128GB 紅色 香港行貨,H6588001_S_Sony_Xperia_5_Red,smartphone,0.0,0.0,0.0
962,Xperia 5 6GB+128GB 灰色 香港行貨,H6588001_S_Sony_Xperia_5_Gray,smartphone,0.0,0.0,0.0
963,Galaxy A20s 4GB+64GB 黑色 香港行貨,H6588001_S_Samsung_A20s_Black,smartphone,0.0,0.0,0.0
964,Galaxy A20s 4GB+64GB 藍色 香港行貨,H6588001_S_Samsung_A20s_Blue,smartphone,0.0,0.0,0.0
965,Galaxy A50s 6GB+128GB 稜鏡黑色 香港行貨,H6588001_S_Samsung_A50s_Black,smartphone,0.0,0.0,0.0
966,Galaxy A50s 6GB+128GB 稜鏡紫色 香港行貨,H6588001_S_Samsung_A50s_Purple,smartphone,0.0,0.0,0.0
967,Reno 10X 6GB+128GB 霧海綠色 平行進口 中國版,H6588001_S_Oppo_Reno_10X_6GB_Green,smartphone,0.0,0.0,0.0
968,Reno 10X 6GB+128GB 薄霧粉色 平行進口 中國版,H6588001_S_Oppo_Reno_10X_6GB_Pink,smartphone,0.0,0.0,0.0
969,Galaxy M10 3GB+32GB 黑色（平行進口）,H5300001_S_ASAM105F-DS3-32GBBK,smartphone,0.0,0.0,0.0
970,定位智能電話（連24個月手機月費服務）,S6048001_S_ibao004_black,smartphone,0.0,0.0,0.0
971,香港行貨(黑色)800 TOUGH 三防手機,H7007001_S_NOK800H01BK01,smartphone,0.0,0.0,0.0
972,800 Tough 三防長待機手機【香港行貨】,H5170001_S_C000618-BK,smartphone,0.0,0.0,0.0
973,香港行貨(亮黑色)NOVA 5T 8GB RAM 128GB ROM,H7007001_S_HUANOVA5TH01BK01,smartphone,0.0,0.0,0.0
974,香港行貨(蘇音藍)NOVA 5T 8GB RAM 128GB ROM,H7007001_S_HUANOVA5TH01BU01,smartphone,0.0,0.0,0.0
975,香港行貨(仲夏紫)NOVA 5T 8GB RAM 128GB ROM,H7007001_S_HUANOVA5TH01PU01,smartphone,0.0,0.0,0.0
976,"iPhone 6S - 64GB, 二手9成新 (100%正常運作)(平行進口)",H6725001_S_i6S_R_64_3A_U,smartphone,0.0,0.0,0.0
977,Nokia 2720 Flip Black  平行進口,H5982001_S_nokia2720black,smartphone,0.0,0.0,0.0
978,香港行貨(海洋藍)Y91C 2GB RAM 32GB ROM ,H7007001_S_VIVY91CH01BU01,smartphone,0.0,0.0,0.0
979,香港行貨(典雅黑)Y91C 2GB RAM 32GB ROM ,H7007001_S_VIVY91CH01BK01,smartphone,0.0,0.0,0.0
980,紅米 Note 7 6GB+64GB 全網版 藍色（平行進口）,H5300001_S_AXMM1901F7E6-64GBB,smartphone,0.0,0.0,0.0
981,黑鯊遊戲手機 2 Pro DLT-H0 (8GB+128GB) 暗影黑,H0762001_S_black-shark-2-pro-dlt-h0-8-128-bk-859270005,smartphone,0.0,0.0,0.0
982,黑鯊遊戲手機 2 Pro DLT-H0 (12GB+256GB) 暗影黑,H0762001_S_black-shark-2-pro-dlt-h0-12-256-bk-859270007,smartphone,0.0,0.0,0.0
983,黑鯊遊戲手機 2 Pro DLT-H0 (8GB+128GB) 冰魄灰,H0762001_S_black-shark-2-pro-dlt-h0-8-128-gy-859270006,smartphone,0.0,0.0,0.0
984,黑鯊遊戲手機 2 Pro DLT-H0 (12GB+256GB) 冰魄灰,H0762001_S_black-shark-2-pro-dlt-h0-12-256-gy-859270008,smartphone,0.0,0.0,0.0
985,Nokia 800 Tough Black 三防手機 平行進口,H5982001_S_nokia800toughblack,smartphone,0.0,0.0,0.0
986,香港行貨(黑色)GALAXY A20S A2070 4GB RAM 64GB ROM,H7007001_S_SAMA20SH01BK01,smartphone,0.0,0.0,0.0
987,香港行貨(藍色)GALAXY A20S A2070 4GB RAM 64GB ROM,H7007001_S_SAMA20SH01BU01,smartphone,0.0,0.0,0.0
988,香港行貨(黑色)GALAXY A50S A5070 6GB RAM 128GB ROM,H7007001_S_SAMA50SH01BK01,smartphone,0.0,0.0,0.0
989,香港行貨(紫色)GALAXY A50S A5070 6GB RAM 128GB ROM,H7007001_S_SAMA50SH01PU01,smartphone,0.0,0.0,0.0
990,長焦專業鏡頭 +  iPhone XsMAX 手機殼套裝 (Shiftcam 2.0),H0710001_S_SC20CASEXSM_TELE,smartphone,0.0,0.0,0.0
991,定位智能電話（淨機）,S6048001_S_ibao003_black,smartphone,0.0,0.0,0.0
992,iQOO Pro - 電競手機 S855 Plus / 12GB RAM / 128GB ROM / 4500mAh超長續航 (勒芒藍),H0972006_S_iQOO_Pro,smartphone,0.0,0.0,0.0
993,5.5吋智能手機 - Moto E4Plus (3+32GB) (灰色) (原廠行貨),H0972006_S_Moto_E4Plus,smartphone,0.0,0.0,0.0
994,6.4吋智能手機 - Honor View 20 (6+128GB) (幻夜黑) (原廠行貨),H0972006_S_Honor_View_20_128GB_Black,smartphone,0.0,0.0,0.0
995,6.4吋智能手機 - Honor View 20 (6+128GB) (幻影藍) (原廠行貨),H0972006_S_Honor_View_20_128GB_Blue,smartphone,0.0,0.0,0.0
996,6.4吋智能手機 - Honor View 20 (8+256GB) (幻影藍) (原廠行貨),H0972006_S_Honor_View_20_256GB_Blue,smartphone,0.0,0.0,0.0
997,Note 8 - 6.0 英寸全面屏 | 64GB ROM  | Dual PD 全像素雙核對焦 |人臉指紋雙解鎖,H0972006_S_note8,smartphone,0.0,0.0,0.0
998,"C9 Pro - 5.45"" | 32GB ROM | 人臉識別解鎖 | 輕薄智能手機 (金色)",H0972006_S_c9pro_gd,smartphone,0.0,0.0,0.0
999,5.5吋智能手機 - Moto E4Plus (3+32GB) (金色) (原廠行貨),H0972006_S_Moto_E4Plus_Gold,smartphone,0.0,0.0,0.0
1000,智能手機 - Galaxy C5 (4+32GB) (金色),H0972006_S_Galaxy_C5_Gold,smartphone,0.0,0.0,0.0
1001,智能手機 - Galaxy C5 (4+32GB) (粉紅色),H0972006_S_Galaxy_C5_Pink,smartphone,0.0,0.0,0.0
1002,智能手機 - Galaxy A6S (6+64GB) (花仙紫),H0972006_S_Galaxy_A6S_Purple,smartphone,0.0,0.0,0.0
1003,智能手機 - Redmi 8A (國際版) (2+32GB) (黑色),H0972006_S_Redmi_8A_Black,smartphone,0.0,0.0,0.0
1004,智能手機 - Redmi 8A (國際版) (2+32GB) (藍色),H0972006_S_Redmi_8A_Blue,smartphone,0.0,0.0,0.0
1005,Galaxy A40s (A3051) Dual-SIM 6+64GB-金（平行進口）,H5912001_S_SAM0069-gd,smartphone,0.0,0.0,0.0
1006,Galaxy A40s (A3050),H0762001_S_Galaxy-A40s-A3050-800270188,smartphone,0.0,0.0,0.0
1007,Galaxy A40s Dual-SIM 6+64GB-黑（香港行貨）,H5912001_S_SAM0048-bk,smartphone,0.0,0.0,0.0
1008,4G-LTE 智能手機 Zenfone 4 - ZE554KL (綠色),H7019001_S_ZE554KL_Green,smartphone,0.0,0.0,0.0
1009,Y17 4+128GB-紫（香港行貨）,H5912001_S_VI0016-pe,smartphone,0.0,0.0,0.0
1010,3G 智能手機 - A396 (白色),H0972006_S_322,smartphone,0.0,0.0,0.0
1011,China Mobile中國移動A4S(灰色)平行進口,H6652001_S_China_Mobile_A4S_BK,smartphone,0.0,0.0,0.0
1012,Zenfone Max Pro M2 4+128GB-黑（香港行貨）,H5912001_S_AS0006-gn,smartphone,0.0,0.0,0.0
1013,MOTO G5S PLUS（金色）(香港行貨),H5912001_S_MO0005_gd,smartphone,0.0,0.0,0.0
1014,Galaxy A60 (A6060),H0762001_S_Galaxy-A60-A6050-BK-800270189,smartphone,0.0,0.0,0.0
1015,Lenovo K5 Play 智能手機,S1076001_S_193268748026,smartphone,0.0,0.0,0.0
1016,8110 4G LTE 復刻版雙卡雙待手機【香港行貨】,H5170001_S_C000298-BK,smartphone,0.0,0.0,0.0
1017,4G-LTE 智能手機 - A1000 (黑色),H7019001_S_A1000_Black,smartphone,0.0,0.0,0.0
1018,Y9 Prime 2019 4GB+128GB 黑色 香港行貨,H6588001_S_Huawei_Y9_Prime_2019_Black,smartphone,0.0,0.0,0.0
1019,China Mobile中國移動A4S(金色)平行進口,H6652001_S_China_Mobile_A4S_GD,smartphone,0.0,0.0,0.0
1020,P30 8GB+128GB 極光色 香港行貨,H6588001_S_Huawei_P30_Aurora,smartphone,0.0,0.0,0.0
1021,Galaxy A60 SM-A6060 6+128GB Dual SIM-黑（香港行貨）,H5912001_S_SAM0049-bk,smartphone,0.0,0.0,0.0
1022,Galaxy S10e 6+128GB-黃（平行進口）,H5912001_S_SAM0046-yw,smartphone,0.0,0.0,0.0
1023,小米8 pro 8+128gb 透明色（香港行貨）,H5912001_S_Xa0036,smartphone,0.0,0.0,0.0
1024,暢享 MAX (4GB+128GB) 智能手機【平行進口】,H5170001_S_C000540-BK,smartphone,0.0,0.0,0.0
1025,小米 9  6+128GB-紫（香港行貨）,H5912001_S_Xa0069-pe,smartphone,0.0,0.0,0.0
1026,Google Pixel 3A 64gb white 平行進口,H5982001_S_pixel3a64gbwhite,smartphone,0.0,0.0,0.0
1027,China Mobile中國移動A4S(銀色)平行進口,H6652001_S_China_Mobile_A4S_SL,smartphone,0.0,0.0,0.0
1028,香港行貨(幻魅橙色)GALAXY A60 A6060 6GB RAM 128GB ROM,H7007001_S_SAMA6060H01OG01,smartphone,0.0,0.0,0.0
1029,Xperia 1 J9110 Black,H0775001_S_C01947,smartphone,0.0,0.0,0.0
1030,香港行貨(幻影黑色)GALAXY A20 A205 6GB RAM 128GB ROM,H7007001_S_SAMA6060H01BK01,smartphone,0.0,0.0,0.0
1031,P30 8GB+128GB 天空之境色 香港行貨,H6588001_S_Huawei_P30_BreathingCrystal,smartphone,0.0,0.0,0.0
1032,香港行貨(黑色)GALAXY A20 A205 3GB RAM 32GB ROM,H7007001_S_SAMA205H01BK01,smartphone,0.0,0.0,0.0
1033,Max 3 (4GB/64GB)（黑色）（香港行貨）,H5912001_S_Xa0024_bk,smartphone,0.0,0.0,0.0
1034,NEX 8+128GB 全面屏-黑（香港行貨）,H5912001_S_VI0010,smartphone,0.0,0.0,0.0
1035,香港行貨(棱鏡黑)GALAXY S10e G9700 6GB RAM 128GB ROM,H7007001_S_SAMG9700H01BK01,smartphone,0.0,0.0,0.0
1036,紅米Note 7 黑色 4G 64G Rom (香港行貨，小米1年保養),H0610012_S_241-75-A00087-1,smartphone,0.0,0.0,0.0
1037,ONE PLUS 6 6GB+64GB（亮黑）（香港行貨）,H5912001_S_OP0002_bbk,smartphone,0.0,0.0,0.0
1038,Y81 3+32GB 全面屏-金（香港行貨）,H5912001_S_VI0005,smartphone,0.0,0.0,0.0
1039,ONE PLUS 6T 8GB+128GB 啞黑（香港行貨）,H5912001_S_OP0007,smartphone,0.0,0.0,0.0
1040,Y81 3+32GB 全面屏-黑（香港行貨）,H5912001_S_VI0004,smartphone,0.0,0.0,0.0
1041,X21 6+128GB-黑（香港行貨）,H5912001_S_VI0008,smartphone,0.0,0.0,0.0
1042,One plus 6T 8GB+128GB 亮黑（香港行貨）,H5912001_S_OP0008,smartphone,0.0,0.0,0.0
1043,LENOVO K5 PLAY 智能手機,S1076001_S_PADB0078HK,smartphone,0.0,0.0,0.0
1044,Galaxy A8+ 雙前置鏡頭八核心智能手機(灰)(平行進口) - Samsung,H0775001_S_SSA8GRY,smartphone,0.0,0.0,0.0
1045,香港行貨(魅影黑)GALAXY A80 A8050 8GB RAM 128GB ROM,H7007001_S_SAMA8050H01BK01,smartphone,0.0,0.0,0.0
1046,Moto G5s Plus XT1805 智能手機 (灰) - Motorola,H0775002_S_G5P01GRY,smartphone,0.0,0.0,0.0
1047,ONE PLUS 7 Pro 12+256GB-黑（平行進口）,H5912001_S_OP0011,smartphone,0.0,0.0,0.0
1048,"iPhone 7 128GB 黑色, 二手9成新 (100%正常運作)(平行進口)(供應商90日保養)",H0972006_S_iphone7bk,smartphone,0.0,0.0,0.0
1049,"iPhone 7 128GB 玫瑰金色 , 二手9成新 (100%正常運作)(平行進口)(供應商90日保養)",H0972006_S_iphone7pk,smartphone,0.0,0.0,0.0
